,SRA Accession,Run_ID,cell_line,tissue
s0004_mouse1_MDAMB231_Tumor_1cells,SRX15230065,SRR19163737,MDAMB231,Tumor
s0005_mouse1_MDAMB231_Tumor_1cells,SRX15230066,SRR19163736,MDAMB231,Tumor
s0008_mouse1_MDAMB231_Tumor_1cells,SRX15230069,SRR19163733,MDAMB231,Tumor
s0013_mouse1a_MDAMB231_Tumor_1cells,SRX15230074,SRR19163728,MDAMB231,Tumor
s0019_mouse1_MDAMB231_Tumor_1cells,SRX15229148,SRR19162934,MDAMB231,Tumor
s0023_mouse1_MDAMB231_Tumor_1cells,SRX15229152,SRR19162930,MDAMB231,Tumor
s0025_mouse1_MDAMB231_Tumor_1cells,SRX15229154,SRR19162928,MDAMB231,Tumor
s0029_mouse1_MDAMB231_Tumor_1cells,SRX15229158,SRR19162924,MDAMB231,Tumor
s0030_mouse1_MDAMB231_Tumor_1cells,SRX15229159,SRR19162923,MDAMB231,Tumor
s0032_mouse1_MDAMB231_Tumor_1cells,SRX15229161,SRR19162921,MDAMB231,Tumor
s0033_mouse1_MDAMB231_Tumor_1cells,SRX15229162,SRR19162920,MDAMB231,Tumor
s0036_mouse1_MDAMB231_Tumor_1cells,SRX15229997,SRR19163805,MDAMB231,Tumor
s0042_mouse1_MDAMB231_Tumor_1cells,SRX15230003,SRR19163799,MDAMB231,Tumor
s0046_mouse1_MDAMB231_Tumor_1cells,SRX15230007,SRR19163795,MDAMB231,Tumor
s0049_mouse1_MDAMB231_Tumor_1cells,SRX15230010,SRR19163792,MDAMB231,Tumor
s0050_mouse1_MDAMB231_Tumor_1cells,SRX15230011,SRR19163791,MDAMB231,Tumor
s0053_mouse1_MDAMB231_Tumor_1cells,SRX15230726,SRR19164338,MDAMB231,Tumor
s0056_mouse1_MDAMB231_Tumor_1cells,SRX15230729,SRR19164335,MDAMB231,Tumor
s0059_mouse1_MDAMB231_Tumor_1cells,SRX15230732,SRR19164332,MDAMB231,Tumor
s0062_mouse1_MDAMB231_Tumor_1cells,SRX15230735,SRR19164329,MDAMB231,Tumor
s0064_mouse1_MDAMB231_Tumor_1cells,SRX15230737,SRR19164327,MDAMB231,Tumor
s0066_mouse1_MDAMB231_Tumor_1cells,SRX15230739,SRR19164325,MDAMB231,Tumor
s0073_mouse1_MDAMB231_Tumor_1cells,SRX15230086,SRR19163716,MDAMB231,Tumor
s0074_mouse1_MDAMB231_Tumor_1cells,SRX15230087,SRR19163715,MDAMB231,Tumor
s0077_mouse1_MDAMB231_Tumor_1cells,SRX15230090,SRR19163712,MDAMB231,Tumor
s0081_mouse1_MDAMB231_Tumor_1cells,SRX15230094,SRR19163708,MDAMB231,Tumor
s0082_mouse1_MDAMB231_Tumor_1cells,SRX15230095,SRR19163707,MDAMB231,Tumor
s0085_mouse1_MDAMB231_Tumor_1cells,SRX15229166,SRR19162916,MDAMB231,Tumor
s0091_mouse1_MDAMB231_Tumor_1cells,SRX15229172,SRR19162910,MDAMB231,Tumor
s0092_mouse1_MDAMB231_Tumor_1cells,SRX15229173,SRR19162909,MDAMB231,Tumor
s0093_mouse2_MDAMB231_Tumor_1cells,SRX15229174,SRR19162908,MDAMB231,Tumor
s0094_mouse2_MDAMB231_Tumor_1cells,SRX15229175,SRR19162907,MDAMB231,Tumor
s0095_mouse2_MDAMB231_Tumor_1cells,SRX15229176,SRR19162906,MDAMB231,Tumor
s0096_mouse2_MDAMB231_Tumor_1cells,SRX15229177,SRR19162905,MDAMB231,Tumor
s0097_mouse2_MDAMB231_Tumor_1cells,SRX15229178,SRR19162904,MDAMB231,Tumor
s0098_mouse2_MDAMB231_Tumor_1cells,SRX15229179,SRR19162903,MDAMB231,Tumor
s0099_mouse2_MDAMB231_Tumor_1cells,SRX15230012,SRR19163790,MDAMB231,Tumor
s0100_mouse2_MDAMB231_Tumor_1cells,SRX15230013,SRR19163789,MDAMB231,Tumor
s0101_mouse2_MDAMB231_Tumor_1cells,SRX15230014,SRR19163788,MDAMB231,Tumor
s0102_mouse2_MDAMB231_Tumor_1cells,SRX15230015,SRR19163787,MDAMB231,Tumor
s0103_mouse2_MDAMB231_Tumor_1cells,SRX15230016,SRR19163786,MDAMB231,Tumor
s0104_mouse2_MDAMB231_Tumor_1cells,SRX15230017,SRR19163785,MDAMB231,Tumor
s0105_mouse2_MDAMB231_Tumor_1cells,SRX15230018,SRR19163784,MDAMB231,Tumor
s0106_mouse2_MDAMB231_Tumor_1cells,SRX15230019,SRR19163783,MDAMB231,Tumor
s0107_mouse2_MDAMB231_Tumor_1cells,SRX15230020,SRR19163782,MDAMB231,Tumor
s0108_mouse2_MDAMB231_Tumor_1cells,SRX15230021,SRR19163781,MDAMB231,Tumor
s0109_mouse2_MDAMB231_Tumor_1cells,SRX15230022,SRR19163780,MDAMB231,Tumor
s0110_mouse2_MDAMB231_Tumor_1cells,SRX15230023,SRR19163779,MDAMB231,Tumor
s0111_mouse2_MDAMB231_Tumor_1cells,SRX15230024,SRR19163778,MDAMB231,Tumor
s0112_mouse2_MDAMB231_Tumor_1cells,SRX15230025,SRR19163777,MDAMB231,Tumor
s0113_mouse2_MDAMB231_Tumor_1cells,SRX15230026,SRR19163776,MDAMB231,Tumor
s0114_mouse2_MDAMB231_Tumor_1cells,SRX15230027,SRR19163775,MDAMB231,Tumor
s0115_mouse2_MDAMB231_Tumor_1cells,SRX15230176,SRR19163970,MDAMB231,Tumor
s0116_mouse2_MDAMB231_Tumor_1cells,SRX15230177,SRR19163969,MDAMB231,Tumor
s0117_mouse2_MDAMB231_Tumor_1cells,SRX15230178,SRR19163968,MDAMB231,Tumor
s0118_mouse2_MDAMB231_Tumor_1cells,SRX15230179,SRR19163967,MDAMB231,Tumor
s0119_mouse2_MDAMB231_Tumor_1cells,SRX15230180,SRR19163966,MDAMB231,Tumor
s0120_mouse2_MDAMB231_Tumor_1cells,SRX15230181,SRR19163965,MDAMB231,Tumor
s0121_mouse2_MDAMB231_Tumor_1cells,SRX15230182,SRR19163964,MDAMB231,Tumor
s0122_mouse2_MDAMB231_Tumor_1cells,SRX15230183,SRR19163963,MDAMB231,Tumor
s0123_mouse2_MDAMB231_Tumor_1cells,SRX15230184,SRR19163962,MDAMB231,Tumor
s0124_mouse2_MDAMB231_Tumor_1cells,SRX15230185,SRR19163961,MDAMB231,Tumor
s0125_mouse2_MDAMB231_Tumor_1cells,SRX15230186,SRR19163960,MDAMB231,Tumor
s0126_mouse2_MDAMB231_Tumor_1cells,SRX15230187,SRR19163959,MDAMB231,Tumor
s0127_mouse2_MDAMB231_Tumor_1cells,SRX15230188,SRR19163958,MDAMB231,Tumor
s0128_mouse2_MDAMB231_Tumor_1cells,SRX15230189,SRR19163957,MDAMB231,Tumor
s0129_mouse2_MDAMB231_Tumor_1cells,SRX15230190,SRR19163956,MDAMB231,Tumor
s0130_mouse2_MDAMB231_Tumor_1cells,SRX15230191,SRR19163955,MDAMB231,Tumor
s0131_mouse2_MDAMB231_Tumor_1cells,SRX15230096,SRR19163706,MDAMB231,Tumor
s0132_mouse2_MDAMB231_Tumor_1cells,SRX15230097,SRR19163705,MDAMB231,Tumor
s0133_mouse2_MDAMB231_Tumor_1cells,SRX15230098,SRR19163704,MDAMB231,Tumor
s0134_mouse2_MDAMB231_Tumor_1cells,SRX15230099,SRR19163703,MDAMB231,Tumor
s0135_mouse2_MDAMB231_Tumor_1cells,SRX15230100,SRR19163702,MDAMB231,Tumor
s0136_mouse2_MDAMB231_Tumor_1cells,SRX15230101,SRR19163701,MDAMB231,Tumor
s0137_mouse2_MDAMB231_Tumor_1cells,SRX15230102,SRR19163700,MDAMB231,Tumor
s0138_mouse2_MDAMB231_Tumor_1cells,SRX15230103,SRR19163699,MDAMB231,Tumor
s0139_mouse2_MDAMB231_Tumor_1cells,SRX15230104,SRR19163698,MDAMB231,Tumor
s0140_mouse2_MDAMB231_Tumor_1cells,SRX15230105,SRR19163697,MDAMB231,Tumor
s0141_mouse2_MDAMB231_Tumor_1cells,SRX15230106,SRR19163696,MDAMB231,Tumor
s0142_mouse2_MDAMB231_Tumor_1cells,SRX15230107,SRR19163695,MDAMB231,Tumor
s0143_mouse2_MDAMB231_Tumor_1cells,SRX15230108,SRR19163694,MDAMB231,Tumor
s0144_mouse2_MDAMB231_Tumor_1cells,SRX15230109,SRR19163693,MDAMB231,Tumor
s0145_mouse2_MDAMB231_Tumor_1cells,SRX15230110,SRR19163692,MDAMB231,Tumor
s0146_mouse2_MDAMB231_Tumor_1cells,SRX15230111,SRR19163691,MDAMB231,Tumor
s0147_mouse2_MDAMB231_Tumor_1cells,SRX15229180,SRR19162902,MDAMB231,Tumor
s0148_mouse2_MDAMB231_Tumor_1cells,SRX15229181,SRR19162901,MDAMB231,Tumor
s0149_mouse2_MDAMB231_Tumor_1cells,SRX15229182,SRR19162900,MDAMB231,Tumor
s0151_mouse2_MDAMB231_Tumor_1cells,SRX15229184,SRR19162898,MDAMB231,Tumor
s0152_mouse2_MDAMB231_Tumor_1cells,SRX15229185,SRR19162897,MDAMB231,Tumor
s0153_mouse2_MDAMB231_Tumor_1cells,SRX15229186,SRR19162896,MDAMB231,Tumor
s0154_mouse2_MDAMB231_Tumor_1cells,SRX15229187,SRR19162895,MDAMB231,Tumor
s0155_mouse2_MDAMB231_Tumor_1cells,SRX15229188,SRR19162894,MDAMB231,Tumor
s0157_mouse2_MDAMB231_Tumor_1cells,SRX15229190,SRR19162892,MDAMB231,Tumor
s0158_mouse2_MDAMB231_Tumor_1cells,SRX15229191,SRR19162891,MDAMB231,Tumor
s0159_mouse2_MDAMB231_Tumor_1cells,SRX15229192,SRR19162890,MDAMB231,Tumor
s0160_mouse2_MDAMB231_Tumor_1cells,SRX15229193,SRR19162889,MDAMB231,Tumor
s0163_mouse2_MDAMB231_Tumor_1cells,SRX15230028,SRR19163774,MDAMB231,Tumor
s0164_mouse2_MDAMB231_Tumor_1cells,SRX15230029,SRR19163773,MDAMB231,Tumor
s0165_mouse2_MDAMB231_Tumor_1cells,SRX15230030,SRR19163772,MDAMB231,Tumor
s0166_mouse2_MDAMB231_Tumor_1cells,SRX15230031,SRR19163771,MDAMB231,Tumor
s0167_mouse2_MDAMB231_Tumor_1cells,SRX15230032,SRR19163770,MDAMB231,Tumor
s0168_mouse2_MDAMB231_Tumor_1cells,SRX15230033,SRR19163769,MDAMB231,Tumor
s0170_mouse2_MDAMB231_Tumor_1cells,SRX15230035,SRR19163767,MDAMB231,Tumor
s0171_mouse2_MDAMB231_Tumor_1cells,SRX15230036,SRR19163766,MDAMB231,Tumor
s0172_mouse2_MDAMB231_Tumor_1cells,SRX15230037,SRR19163765,MDAMB231,Tumor
s0173_mouse2_MDAMB231_Tumor_1cells,SRX15230038,SRR19163764,MDAMB231,Tumor
s0174_mouse2_MDAMB231_Tumor_1cells,SRX15230039,SRR19163763,MDAMB231,Tumor
s0175_mouse2_MDAMB231_Tumor_1cells,SRX15230040,SRR19163762,MDAMB231,Tumor
s0176_mouse2_MDAMB231_Tumor_1cells,SRX15230041,SRR19163761,MDAMB231,Tumor
s0177_mouse2_MDAMB231_Tumor_1cells,SRX15230042,SRR19163760,MDAMB231,Tumor
s0179_mouse2_MDAMB231_Tumor_1cells,SRX15230192,SRR19163954,MDAMB231,Tumor
s0183_mouse2_MDAMB231_Tumor_5cells,SRX15230196,SRR19163950,MDAMB231,Tumor
s0184_mouse2_MDAMB231_Tumor_1cells,SRX15230197,SRR19163949,MDAMB231,Tumor
s0185_mouse2_MDAMB231_Tumor_1cells,SRX15230198,SRR19163948,MDAMB231,Tumor
s0189_mouse3_MDAMB231_Tumor_1cells,SRX15230202,SRR19163944,MDAMB231,Tumor
s0190_mouse3_MDAMB231_Tumor_1cells,SRX15230203,SRR19163943,MDAMB231,Tumor
s0191_mouse3_MDAMB231_Tumor_1cells,SRX15230204,SRR19163942,MDAMB231,Tumor
s0192_mouse3_MDAMB231_Tumor_1cells,SRX15230205,SRR19163941,MDAMB231,Tumor
s0193_mouse3_MDAMB231_Tumor_1cells,SRX15230206,SRR19163940,MDAMB231,Tumor
s0194_mouse3_MDAMB231_Tumor_1cells,SRX15230207,SRR19163939,MDAMB231,Tumor
s0195_mouse3_MDAMB231_Tumor_1cells,SRX15230112,SRR19163690,MDAMB231,Tumor
s0196_mouse3_MDAMB231_Tumor_1cells,SRX15230113,SRR19163689,MDAMB231,Tumor
s0197_mouse3_MDAMB231_Tumor_1cells,SRX15230114,SRR19163688,MDAMB231,Tumor
s0198_mouse3_MDAMB231_Tumor_1cells,SRX15230115,SRR19163687,MDAMB231,Tumor
s0199_mouse3_MDAMB231_Tumor_1cells,SRX15230116,SRR19163686,MDAMB231,Tumor
s0201_mouse3_MDAMB231_Tumor_1cells,SRX15230118,SRR19163684,MDAMB231,Tumor
s0202_mouse3_MDAMB231_Tumor_1cells,SRX15230119,SRR19163683,MDAMB231,Tumor
s0203_mouse3_MDAMB231_Tumor_1cells,SRX15230120,SRR19163682,MDAMB231,Tumor
s0205_mouse3_MDAMB231_Tumor_1cells,SRX15230122,SRR19163680,MDAMB231,Tumor
s0207_mouse3_MDAMB231_Tumor_1cells,SRX15230124,SRR19163678,MDAMB231,Tumor
s0208_mouse3_MDAMB231_Tumor_1cells,SRX15230125,SRR19163677,MDAMB231,Tumor
s0209_mouse3_MDAMB231_Tumor_1cells,SRX15230126,SRR19163676,MDAMB231,Tumor
s0210_mouse3_MDAMB231_Tumor_1cells,SRX15230127,SRR19163675,MDAMB231,Tumor
s0211_mouse3_MDAMB231_Tumor_1cells,SRX15229196,SRR19162886,MDAMB231,Tumor
s0212_mouse3_MDAMB231_Tumor_1cells,SRX15229197,SRR19162885,MDAMB231,Tumor
s0213_mouse3_MDAMB231_Tumor_1cells,SRX15229198,SRR19162884,MDAMB231,Tumor
s0215_mouse3_MDAMB231_Tumor_1cells,SRX15229200,SRR19162882,MDAMB231,Tumor
s0216_mouse3_MDAMB231_Tumor_1cells,SRX15229201,SRR19162881,MDAMB231,Tumor
s0217_mouse3_MDAMB231_Tumor_1cells,SRX15229202,SRR19162880,MDAMB231,Tumor
s0219_mouse3_MDAMB231_Tumor_1cells,SRX15229204,SRR19162878,MDAMB231,Tumor
s0220_mouse3_MDAMB231_Tumor_1cells,SRX15229205,SRR19162877,MDAMB231,Tumor
s0221_mouse3_MDAMB231_Tumor_3cells,SRX15229206,SRR19162876,MDAMB231,Tumor
s0222_mouse3_MDAMB231_Tumor_1cells,SRX15229207,SRR19162875,MDAMB231,Tumor
s0223_mouse3_MDAMB231_Tumor_1cells,SRX15229208,SRR19162874,MDAMB231,Tumor
s0224_mouse3_MDAMB231_Tumor_1cells,SRX15229209,SRR19162873,MDAMB231,Tumor
s0225_mouse3_MDAMB231_Tumor_1cells,SRX15229210,SRR19162872,MDAMB231,Tumor
s0227_mouse3_MDAMB231_Tumor_1cells,SRX15230044,SRR19163758,MDAMB231,Tumor
s0228_mouse3_MDAMB231_Tumor_1cells,SRX15230045,SRR19163757,MDAMB231,Tumor
s0229_mouse3_MDAMB231_Tumor_1cells,SRX15230046,SRR19163756,MDAMB231,Tumor
s0230_mouse3_MDAMB231_Tumor_1cells,SRX15230047,SRR19163755,MDAMB231,Tumor
s0231_mouse3_MDAMB231_Tumor_1cells,SRX15230048,SRR19163754,MDAMB231,Tumor
s0232_mouse3_MDAMB231_Tumor_1cells,SRX15230049,SRR19163753,MDAMB231,Tumor
s0233_mouse3_MDAMB231_Tumor_1cells,SRX15230050,SRR19163752,MDAMB231,Tumor
s0234_mouse3_MDAMB231_Tumor_1cells,SRX15230051,SRR19163751,MDAMB231,Tumor
s0235_mouse3_MDAMB231_Tumor_1cells,SRX15230052,SRR19163750,MDAMB231,Tumor
s0236_mouse3_MDAMB231_Tumor_1cells,SRX15230053,SRR19163749,MDAMB231,Tumor
s0238_mouse3_MDAMB231_Tumor_1cells,SRX15230055,SRR19163747,MDAMB231,Tumor
s0239_mouse3_MDAMB231_Tumor_1cells,SRX15230056,SRR19163746,MDAMB231,Tumor
s0243_mouse3_MDAMB231_Tumor_1cells,SRX15230208,SRR19163938,MDAMB231,Tumor
s0245_mouse3_MDAMB231_Tumor_1cells,SRX15230210,SRR19163936,MDAMB231,Tumor
s0246_mouse3_MDAMB231_Tumor_1cells,SRX15230211,SRR19163935,MDAMB231,Tumor
s0247_mouse3_MDAMB231_Tumor_1cells,SRX15230212,SRR19163934,MDAMB231,Tumor
s0248_mouse3_MDAMB231_Tumor_1cells,SRX15230213,SRR19163933,MDAMB231,Tumor
s0249_mouse3_MDAMB231_Tumor_1cells,SRX15230214,SRR19163932,MDAMB231,Tumor
s0250_mouse3_MDAMB231_Tumor_1cells,SRX15230215,SRR19163931,MDAMB231,Tumor
s0251_mouse3_MDAMB231_Tumor_1cells,SRX15230216,SRR19163930,MDAMB231,Tumor
s0252_mouse3_MDAMB231_Tumor_1cells,SRX15230217,SRR19163929,MDAMB231,Tumor
s0253_mouse3_MDAMB231_Tumor_1cells,SRX15230218,SRR19163928,MDAMB231,Tumor
s0254_mouse3_MDAMB231_Tumor_1cells,SRX15230219,SRR19163927,MDAMB231,Tumor
s0255_mouse3_MDAMB231_Tumor_1cells,SRX15230220,SRR19163926,MDAMB231,Tumor
s0256_mouse3_MDAMB231_Tumor_1cells,SRX15230221,SRR19163925,MDAMB231,Tumor
s0257_mouse3_MDAMB231_Tumor_1cells,SRX15230222,SRR19163924,MDAMB231,Tumor
s0258_mouse3_MDAMB231_Tumor_1cells,SRX15230223,SRR19163923,MDAMB231,Tumor
s0259_mouse3_MDAMB231_Tumor_1cells,SRX15230128,SRR19163674,MDAMB231,Tumor
s0260_mouse3_MDAMB231_Tumor_1cells,SRX15230129,SRR19163673,MDAMB231,Tumor
s0261_mouse3_MDAMB231_Tumor_1cells,SRX15230130,SRR19163672,MDAMB231,Tumor
s0262_mouse3_MDAMB231_Tumor_1cells,SRX15230131,SRR19163671,MDAMB231,Tumor
s0263_mouse3_MDAMB231_Tumor_1cells,SRX15230132,SRR19163670,MDAMB231,Tumor
s0264_mouse3_MDAMB231_Tumor_1cells,SRX15230133,SRR19163669,MDAMB231,Tumor
s0265_mouse3_MDAMB231_Tumor_1cells,SRX15230134,SRR19163668,MDAMB231,Tumor
s0266_mouse3_MDAMB231_Tumor_1cells,SRX15230135,SRR19163667,MDAMB231,Tumor
s0267_mouse3_MDAMB231_Tumor_1cells,SRX15230136,SRR19163666,MDAMB231,Tumor
s0268_mouse3_MDAMB231_Tumor_1cells,SRX15230137,SRR19163665,MDAMB231,Tumor
s0269_mouse3_MDAMB231_Tumor_1cells,SRX15230138,SRR19163664,MDAMB231,Tumor
s0270_mouse3_MDAMB231_Tumor_1cells,SRX15230139,SRR19163663,MDAMB231,Tumor
s0271_mouse3_MDAMB231_Tumor_1cells,SRX15230140,SRR19163662,MDAMB231,Tumor
s0272_mouse3_MDAMB231_Tumor_1cells,SRX15230141,SRR19163661,MDAMB231,Tumor
s0274_mouse3_MDAMB231_Tumor_1cells,SRX15230143,SRR19163659,MDAMB231,Tumor
s0275_mouse3_MDAMB231_Tumor_1cells,SRX15229212,SRR19162870,MDAMB231,Tumor
s0276_mouse3_MDAMB231_Tumor_1cells,SRX15229213,SRR19162869,MDAMB231,Tumor
s0277_mouse3_MDAMB231_Tumor_1cells,SRX15229214,SRR19162868,MDAMB231,Tumor
s0278_mouse3_MDAMB231_Tumor_1cells,SRX15229215,SRR19162867,MDAMB231,Tumor
s0279_mouse3_MDAMB231_Tumor_1cells,SRX15229216,SRR19162866,MDAMB231,Tumor
s0280_mouse3_MDAMB231_Tumor_1cells,SRX15229217,SRR19162865,MDAMB231,Tumor
s0282_mouse3_MDAMB231_Tumor_1cells,SRX15229219,SRR19162863,MDAMB231,Tumor
s0283_mouse3_MDAMB231_Tumor_1cells,SRX15229220,SRR19162862,MDAMB231,Tumor
s0284_mouse3_MDAMB231_Tumor_1cells,SRX15229221,SRR19162861,MDAMB231,Tumor
s0288_mouse1_MDAMB231_Metastases_1cells,SRX15229225,SRR19162857,MDAMB231,Metastases
s0294_mouse1_MDAMB231_Metastases_1cells,SRX15229309,SRR19163117,MDAMB231,Metastases
s0305_mouse1_MDAMB231_Metastases_1cells,SRX15229320,SRR19163106,MDAMB231,Metastases
s0313_mouse1_MDAMB231_Metastases_1cells,SRX15230230,SRR19163916,MDAMB231,Metastases
s0314_mouse1_MDAMB231_Metastases_1cells,SRX15230231,SRR19163915,MDAMB231,Metastases
s0317_mouse1_MDAMB231_Metastases_1cells,SRX15230234,SRR19163912,MDAMB231,Metastases
s0329_mouse1_MDAMB231_Metastases_1cells,SRX15230150,SRR19163652,MDAMB231,Metastases
s0332_mouse1_MDAMB231_Metastases_1cells,SRX15230153,SRR19163649,MDAMB231,Metastases
s0341_mouse1_MDAMB231_Metastases_1cells,SRX15229326,SRR19163100,MDAMB231,Metastases
s0352_mouse1_MDAMB231_Metastases_1cells,SRX15229337,SRR19163089,MDAMB231,Metastases
s0359_mouse1_MDAMB231_Metastases_1cells,SRX15230244,SRR19163902,MDAMB231,Metastases
s0360_mouse1_MDAMB231_Metastases_1cells,SRX15230245,SRR19163901,MDAMB231,Metastases
s0364_mouse1_MDAMB231_Metastases_1cells,SRX15230249,SRR19163897,MDAMB231,Metastases
s0365_mouse1_MDAMB231_Metastases_1cells,SRX15230250,SRR19163896,MDAMB231,Metastases
s0367_mouse1_MDAMB231_Metastases_1cells,SRX15230252,SRR19163894,MDAMB231,Metastases
s0371_mouse1_MDAMB231_Metastases_1cells,SRX15230160,SRR19163642,MDAMB231,Metastases
s0478_mouse2_MDAMB231_Metastases_1cells,SRX15229655,SRR19163459,MDAMB231,Metastases
s0484_mouse2_MDAMB231_Metastases_1cells,SRX15229229,SRR19162853,MDAMB231,Metastases
s0485_mouse2_MDAMB231_Metastases_1cells,SRX15229230,SRR19162852,MDAMB231,Metastases
s0492_mouse2_MDAMB231_Metastases_1cells,SRX15229237,SRR19162845,MDAMB231,Metastases
s0494_mouse2_MDAMB231_Metastases_1cells,SRX15229239,SRR19162843,MDAMB231,Metastases
s0496_mouse2_MDAMB231_Metastases_1cells,SRX15229241,SRR19162841,MDAMB231,Metastases
s0497_mouse2_MDAMB231_Metastases_1cells,SRX15229242,SRR19162840,MDAMB231,Metastases
s0498_mouse2_MDAMB231_Metastases_1cells,SRX15229243,SRR19162839,MDAMB231,Metastases
s0502_mouse2_MDAMB231_Metastases_1cells,SRX15229343,SRR19163083,MDAMB231,Metastases
s0503_mouse2_MDAMB231_Metastases_1cells,SRX15229344,SRR19163082,MDAMB231,Metastases
s0504_mouse2_MDAMB231_Metastases_1cells,SRX15229345,SRR19163081,MDAMB231,Metastases
s0505_mouse2_MDAMB231_Metastases_1cells,SRX15229346,SRR19163080,MDAMB231,Metastases
s0509_mouse2_MDAMB231_Metastases_1cells,SRX15229350,SRR19163076,MDAMB231,Metastases
s0513_mouse2_MDAMB231_Metastases_1cells,SRX15229354,SRR19163072,MDAMB231,Metastases
s0515_mouse2_MDAMB231_Metastases_1cells,SRX15230256,SRR19163890,MDAMB231,Metastases
s0524_mouse2_MDAMB231_Metastases_1cells,SRX15230265,SRR19163881,MDAMB231,Metastases
s0525_mouse2_MDAMB231_Metastases_1cells,SRX15230266,SRR19163880,MDAMB231,Metastases
s0529_mouse2_MDAMB231_Metastases_1cells,SRX15230270,SRR19163876,MDAMB231,Metastases
s0530_mouse2_MDAMB231_Metastases_1cells,SRX15230271,SRR19163875,MDAMB231,Metastases
s0533_mouse2_MDAMB231_Metastases_1cells,SRX15229662,SRR19163452,MDAMB231,Metastases
s0535_mouse2_MDAMB231_Metastases_1cells,SRX15229664,SRR19163450,MDAMB231,Metastases
s0536_mouse2_MDAMB231_Metastases_1cells,SRX15229665,SRR19163449,MDAMB231,Metastases
s0537_mouse2_MDAMB231_Metastases_1cells,SRX15229666,SRR19163448,MDAMB231,Metastases
s0539_mouse2_MDAMB231_Metastases_1cells,SRX15229668,SRR19163446,MDAMB231,Metastases
s0540_mouse2_MDAMB231_Metastases_1cells,SRX15229669,SRR19163445,MDAMB231,Metastases
s0541_mouse2_MDAMB231_Metastases_1cells,SRX15229670,SRR19163444,MDAMB231,Metastases
s0543_mouse2_MDAMB231_Metastases_1cells,SRX15229672,SRR19163442,MDAMB231,Metastases
s0544_mouse2_MDAMB231_Metastases_1cells,SRX15229673,SRR19163441,MDAMB231,Metastases
s0545_mouse2_MDAMB231_Metastases_1cells,SRX15229674,SRR19163440,MDAMB231,Metastases
s0547_mouse2_MDAMB231_Metastases_1cells,SRX15229244,SRR19162838,MDAMB231,Metastases
s0551_mouse2_MDAMB231_Metastases_1cells,SRX15229248,SRR19162834,MDAMB231,Metastases
s0554_mouse2_MDAMB231_Metastases_1cells,SRX15229251,SRR19162831,MDAMB231,Metastases
s0555_mouse2_MDAMB231_Metastases_1cells,SRX15229252,SRR19162830,MDAMB231,Metastases
s0558_mouse2_MDAMB231_Metastases_1cells,SRX15229255,SRR19162827,MDAMB231,Metastases
s0560_mouse2_MDAMB231_Metastases_1cells,SRX15229257,SRR19162825,MDAMB231,Metastases
s0567_mouse2_MDAMB231_Metastases_1cells,SRX15229360,SRR19163066,MDAMB231,Metastases
s0574_mouse3_MDAMB231_Metastases_1cells,SRX15229367,SRR19163059,MDAMB231,Metastases
s0576_mouse3_MDAMB231_Metastases_1cells,SRX15229369,SRR19163057,MDAMB231,Metastases
s0577_mouse3_MDAMB231_Metastases_1cells,SRX15229370,SRR19163056,MDAMB231,Metastases
s0578_mouse3_MDAMB231_Metastases_1cells,SRX15229371,SRR19163055,MDAMB231,Metastases
s0582_mouse3_MDAMB231_Metastases_1cells,SRX15230275,SRR19163871,MDAMB231,Metastases
s0588_mouse3_MDAMB231_Metastases_1cells,SRX15230281,SRR19163865,MDAMB231,Metastases
s0590_mouse3_MDAMB231_Metastases_1cells,SRX15230283,SRR19163863,MDAMB231,Metastases
s0593_mouse3_MDAMB231_Metastases_1cells,SRX15230286,SRR19163860,MDAMB231,Metastases
s0595_mouse3_MDAMB231_Metastases_1cells,SRX15229676,SRR19163438,MDAMB231,Metastases
s0598_mouse3_MDAMB231_Metastases_1cells,SRX15229679,SRR19163435,MDAMB231,Metastases
s0602_mouse3_MDAMB231_Metastases_1cells,SRX15229683,SRR19163431,MDAMB231,Metastases
s0604_mouse3_MDAMB231_Metastases_1cells,SRX15229685,SRR19163429,MDAMB231,Metastases
s0615_mouse3_MDAMB231_Metastases_1cells,SRX15229264,SRR19162818,MDAMB231,Metastases
s0618_mouse3_MDAMB231_Metastases_1cells,SRX15229267,SRR19162815,MDAMB231,Metastases
s0619_mouse3_MDAMB231_Metastases_1cells,SRX15229268,SRR19162814,MDAMB231,Metastases
s0620_mouse3_MDAMB231_Metastases_1cells,SRX15229269,SRR19162813,MDAMB231,Metastases
s0634_mouse3_MDAMB231_Metastases_3cells,SRX15229379,SRR19163047,MDAMB231,Metastases
s0637_mouse3_MDAMB231_Metastases_5cells,SRX15229382,SRR19163044,MDAMB231,Metastases
s0646_mouse3_MDAMB231_Metastases_3cells,SRX15230291,SRR19163855,MDAMB231,Metastases
s0656_mouse3_MDAMB231_Metastases_3cells,SRX15230301,SRR19163845,MDAMB231,Metastases
s0669_mouse4_HBRX2344_Tumor_1cells,SRX15229702,SRR19163412,PDX4,Tumor
s0670_mouse4_HBRX2344_Tumor_3cells,SRX15229703,SRR19163411,PDX4,Tumor
s0671_mouse4_HBRX2344_Tumor_1cells,SRX15229704,SRR19163410,PDX4,Tumor
s0672_mouse4_HBRX2344_Tumor_1cells,SRX15229705,SRR19163409,PDX4,Tumor
s0673_mouse4_HBRX2344_Tumor_1cells,SRX15229706,SRR19163408,PDX4,Tumor
s0674_mouse4_HBRX2344_Tumor_1cells,SRX15229707,SRR19163407,PDX4,Tumor
s0675_mouse4_HBRX2344_Tumor_1cells,SRX15229276,SRR19162806,PDX4,Tumor
s0676_mouse4_HBRX2344_Tumor_1cells,SRX15229277,SRR19162805,PDX4,Tumor
s0677_mouse4_HBRX2344_Tumor_1cells,SRX15229278,SRR19162804,PDX4,Tumor
s0679_mouse4_HBRX2344_Tumor_1cells,SRX15229280,SRR19162802,PDX4,Tumor
s0680_mouse4_HBRX2344_Tumor_1cells,SRX15229281,SRR19162801,PDX4,Tumor
s0681_mouse4_HBRX2344_Tumor_1cells,SRX15229282,SRR19162800,PDX4,Tumor
s0682_mouse4_HBRX2344_Tumor_1cells,SRX15229283,SRR19162799,PDX4,Tumor
s0683_mouse4_HBRX2344_Tumor_1cells,SRX15229284,SRR19162798,PDX4,Tumor
s0684_mouse4_HBRX2344_Tumor_1cells,SRX15229285,SRR19162797,PDX4,Tumor
s0686_mouse4_HBRX2344_Tumor_1cells,SRX15229287,SRR19162795,PDX4,Tumor
s0690_mouse4_HBRX2344_Tumor_1cells,SRX15229291,SRR19162791,PDX4,Tumor
s0691_mouse4_HBRX2344_Tumor_1cells,SRX15229388,SRR19163038,PDX4,Tumor
s0692_mouse4_HBRX2344_Tumor_1cells,SRX15229389,SRR19163037,PDX4,Tumor
s0693_mouse4_HBRX2344_Tumor_1cells,SRX15229390,SRR19163036,PDX4,Tumor
s0694_mouse4_HBRX2344_Tumor_1cells,SRX15229391,SRR19163035,PDX4,Tumor
s0696_mouse4_HBRX2344_Tumor_1cells,SRX15229393,SRR19163033,PDX4,Tumor
s0697_mouse4_HBRX2344_Tumor_1cells,SRX15229394,SRR19163032,PDX4,Tumor
s0698_mouse4_HBRX2344_Tumor_1cells,SRX15229395,SRR19163031,PDX4,Tumor
s0699_mouse4_HBRX2344_Tumor_1cells,SRX15229396,SRR19163030,PDX4,Tumor
s0700_mouse4_HBRX2344_Tumor_1cells,SRX15229397,SRR19163029,PDX4,Tumor
s0701_mouse4_HBRX2344_Tumor_1cells,SRX15229398,SRR19163028,PDX4,Tumor
s0702_mouse4_HBRX2344_Tumor_1cells,SRX15229399,SRR19163027,PDX4,Tumor
s0703_mouse4_HBRX2344_Tumor_1cells,SRX15229400,SRR19163026,PDX4,Tumor
s0704_mouse4_HBRX2344_Tumor_1cells,SRX15229401,SRR19163025,PDX4,Tumor
s0705_mouse4_HBRX2344_Tumor_1cells,SRX15229402,SRR19163024,PDX4,Tumor
s0706_mouse4_HBRX2344_Tumor_1cells,SRX15229403,SRR19163023,PDX4,Tumor
s0707_mouse4_HBRX2344_Tumor_1cells,SRX15230304,SRR19163842,PDX4,Tumor
s0708_mouse4_HBRX2344_Tumor_1cells,SRX15230305,SRR19163841,PDX4,Tumor
s0711_mouse4_HBRX2344_Tumor_1cells,SRX15230308,SRR19163838,PDX4,Tumor
s0713_mouse4_HBRX2344_Tumor_1cells,SRX15230310,SRR19163836,PDX4,Tumor
s0714_mouse4_HBRX2344_Tumor_1cells,SRX15230311,SRR19163835,PDX4,Tumor
s0715_mouse4_HBRX2344_Tumor_1cells,SRX15230312,SRR19163834,PDX4,Tumor
s0716_mouse4_HBRX2344_Tumor_1cells,SRX15230313,SRR19163833,PDX4,Tumor
s0717_mouse4_HBRX2344_Tumor_1cells,SRX15230314,SRR19163832,PDX4,Tumor
s0719_mouse4_HBRX2344_Tumor_1cells,SRX15230316,SRR19163830,PDX4,Tumor
s0723_mouse4_HBRX2344_Tumor_1cells,SRX15229708,SRR19163406,PDX4,Tumor
s0724_mouse4_HBRX2344_Tumor_1cells,SRX15229709,SRR19163405,PDX4,Tumor
s0725_mouse4_HBRX2344_Tumor_1cells,SRX15229710,SRR19163404,PDX4,Tumor
s0726_mouse4_HBRX2344_Tumor_1cells,SRX15229711,SRR19163403,PDX4,Tumor
s0727_mouse4_HBRX2344_Tumor_1cells,SRX15229712,SRR19163402,PDX4,Tumor
s0728_mouse4_HBRX2344_Tumor_1cells,SRX15229713,SRR19163401,PDX4,Tumor
s0730_mouse4_HBRX2344_Tumor_1cells,SRX15229715,SRR19163399,PDX4,Tumor
s0731_mouse4_HBRX2344_Tumor_1cells,SRX15229716,SRR19163398,PDX4,Tumor
s0732_mouse4_HBRX2344_Tumor_1cells,SRX15229717,SRR19163397,PDX4,Tumor
s0733_mouse4_HBRX2344_Tumor_1cells,SRX15229718,SRR19163396,PDX4,Tumor
s0734_mouse4_HBRX2344_Tumor_1cells,SRX15229719,SRR19163395,PDX4,Tumor
s0735_mouse4_HBRX2344_Tumor_1cells,SRX15229720,SRR19163394,PDX4,Tumor
s0736_mouse4_HBRX2344_Tumor_1cells,SRX15229721,SRR19163393,PDX4,Tumor
s0737_mouse4_HBRX2344_Tumor_1cells,SRX15229722,SRR19163392,PDX4,Tumor
s0739_mouse4_HBRX2344_Tumor_1cells,SRX15229292,SRR19162790,PDX4,Tumor
s0740_mouse4_HBRX2344_Tumor_1cells,SRX15229293,SRR19162789,PDX4,Tumor
s0741_mouse4_HBRX2344_Tumor_1cells,SRX15229294,SRR19162788,PDX4,Tumor
s0742_mouse4_HBRX2344_Tumor_1cells,SRX15229295,SRR19162787,PDX4,Tumor
s0743_mouse4_HBRX2344_Tumor_1cells,SRX15229296,SRR19162786,PDX4,Tumor
s0744_mouse4_HBRX2344_Tumor_1cells,SRX15229297,SRR19162785,PDX4,Tumor
s0745_mouse4_HBRX2344_Tumor_1cells,SRX15229298,SRR19162784,PDX4,Tumor
s0746_mouse4_HBRX2344_Tumor_1cells,SRX15229299,SRR19162783,PDX4,Tumor
s0747_mouse4_HBRX2344_Tumor_1cells,SRX15229300,SRR19162782,PDX4,Tumor
s0749_mouse4_HBRX2344_Tumor_1cells,SRX15229302,SRR19162780,PDX4,Tumor
s0750_mouse4_HBRX2344_Tumor_1cells,SRX15229303,SRR19162779,PDX4,Tumor
s0751_mouse4_HBRX2344_Tumor_1cells,SRX15229304,SRR19162778,PDX4,Tumor
s0752_mouse4_HBRX2344_Tumor_1cells,SRX15229305,SRR19162777,PDX4,Tumor
s0753_mouse4_HBRX2344_Tumor_1cells,SRX15229478,SRR19163292,PDX4,Tumor
s0757_mouse4_HBRX2344_Tumor_1cells,SRX15229406,SRR19163020,PDX4,Tumor
s0758_mouse4_HBRX2344_Tumor_1cells,SRX15229407,SRR19163019,PDX4,Tumor
s0759_mouse4_HBRX2344_Tumor_1cells,SRX15229408,SRR19163018,PDX4,Tumor
s0760_mouse4_HBRX2344_Tumor_1cells,SRX15229409,SRR19163017,PDX4,Tumor
s0761_mouse4_HBRX2344_Tumor_1cells,SRX15229410,SRR19163016,PDX4,Tumor
s0762_mouse4_HBRX2344_Tumor_1cells,SRX15229411,SRR19163015,PDX4,Tumor
s0763_mouse4_HBRX2344_Tumor_1cells,SRX15229412,SRR19163014,PDX4,Tumor
s0768_mouse5_HBRX2344_Tumor_1cells,SRX15229417,SRR19163009,PDX4,Tumor
s0769_mouse5_HBRX2344_Tumor_1cells,SRX15229418,SRR19163008,PDX4,Tumor
s0770_mouse5_HBRX2344_Tumor_1cells,SRX15229419,SRR19163007,PDX4,Tumor
s0771_mouse5_HBRX2344_Tumor_3cells,SRX15230320,SRR19163826,PDX4,Tumor
s0773_mouse5_HBRX2344_Tumor_3cells,SRX15230322,SRR19163824,PDX4,Tumor
s0774_mouse5_HBRX2344_Tumor_1cells,SRX15230323,SRR19163823,PDX4,Tumor
s0775_mouse5_HBRX2344_Tumor_1cells,SRX15230324,SRR19163822,PDX4,Tumor
s0778_mouse5_HBRX2344_Tumor_1cells,SRX15230327,SRR19163819,PDX4,Tumor
s0779_mouse5_HBRX2344_Tumor_1cells,SRX15230328,SRR19163818,PDX4,Tumor
s0780_mouse5_HBRX2344_Tumor_1cells,SRX15230329,SRR19163817,PDX4,Tumor
s0781_mouse5_HBRX2344_Tumor_1cells,SRX15230330,SRR19163816,PDX4,Tumor
s0782_mouse5_HBRX2344_Tumor_1cells,SRX15230331,SRR19163815,PDX4,Tumor
s0783_mouse5_HBRX2344_Tumor_1cells,SRX15230332,SRR19163814,PDX4,Tumor
s0784_mouse5_HBRX2344_Tumor_3cells,SRX15230333,SRR19163813,PDX4,Tumor
s0785_mouse5_HBRX2344_Tumor_1cells,SRX15230334,SRR19163812,PDX4,Tumor
s0788_mouse5_HBRX2344_Tumor_1cells,SRX15229725,SRR19163389,PDX4,Tumor
s0790_mouse5_HBRX2344_Tumor_1cells,SRX15229727,SRR19163387,PDX4,Tumor
s0792_mouse5_HBRX2344_Tumor_1cells,SRX15229729,SRR19163385,PDX4,Tumor
s0793_mouse5_HBRX2344_Tumor_1cells,SRX15229730,SRR19163384,PDX4,Tumor
s0794_mouse5_HBRX2344_Tumor_1cells,SRX15229731,SRR19163383,PDX4,Tumor
s0797_mouse5_HBRX2344_Tumor_1cells,SRX15229734,SRR19163380,PDX4,Tumor
s0798_mouse5_HBRX2344_Tumor_1cells,SRX15229735,SRR19163379,PDX4,Tumor
s0808_mouse5_HBRX2344_Tumor_1cells,SRX15229485,SRR19163285,PDX4,Tumor
s0809_mouse5_HBRX2344_Tumor_1cells,SRX15229486,SRR19163284,PDX4,Tumor
s0816_mouse5_HBRX2344_Tumor_1cells,SRX15229493,SRR19163277,PDX4,Tumor
s0817_mouse5_HBRX2344_Tumor_1cells,SRX15229494,SRR19163276,PDX4,Tumor
s0818_mouse5_HBRX2344_Tumor_3cells,SRX15229495,SRR19163275,PDX4,Tumor
s0820_mouse5_HBRX2344_Tumor_1cells,SRX15229421,SRR19163005,PDX4,Tumor
s0822_mouse5_HBRX2344_Tumor_1cells,SRX15229423,SRR19163003,PDX4,Tumor
s0823_mouse5_HBRX2344_Tumor_1cells,SRX15229424,SRR19163002,PDX4,Tumor
s0824_mouse5_HBRX2344_Tumor_1cells,SRX15229425,SRR19163001,PDX4,Tumor
s0826_mouse5_HBRX2344_Tumor_1cells,SRX15229427,SRR19162999,PDX4,Tumor
s0828_mouse5_HBRX2344_Tumor_1cells,SRX15229429,SRR19162997,PDX4,Tumor
s0829_mouse5_HBRX2344_Tumor_1cells,SRX15229430,SRR19162996,PDX4,Tumor
s0830_mouse5_HBRX2344_Tumor_1cells,SRX15229431,SRR19162995,PDX4,Tumor
s0833_mouse5_HBRX2344_Tumor_1cells,SRX15229434,SRR19162992,PDX4,Tumor
s0839_mouse5_HBRX2344_Tumor_1cells,SRX15229824,SRR19163634,PDX4,Tumor
s0840_mouse5_HBRX2344_Tumor_1cells,SRX15229825,SRR19163633,PDX4,Tumor
s0841_mouse5_HBRX2344_Tumor_1cells,SRX15229826,SRR19163632,PDX4,Tumor
s0842_mouse5_HBRX2344_Tumor_1cells,SRX15229827,SRR19163631,PDX4,Tumor
s0846_mouse5_HBRX2344_Tumor_1cells,SRX15229831,SRR19163627,PDX4,Tumor
s0847_mouse5_HBRX2344_Tumor_1cells,SRX15229832,SRR19163626,PDX4,Tumor
s0848_mouse5_HBRX2344_Tumor_1cells,SRX15229833,SRR19163625,PDX4,Tumor
s0850_mouse5_HBRX2344_Tumor_1cells,SRX15229835,SRR19163623,PDX4,Tumor
s0853_mouse5_HBRX2344_Tumor_1cells,SRX15229742,SRR19163372,PDX4,Tumor
s0854_mouse5_HBRX2344_Tumor_1cells,SRX15229743,SRR19163371,PDX4,Tumor
s0856_mouse5_HBRX2344_Tumor_1cells,SRX15229745,SRR19163369,PDX4,Tumor
s0861_mouse6_HBRX2353_Tumor_3cells,SRX15229750,SRR19163364,PDX2,Tumor
s0867_mouse6_HBRX2353_Tumor_1cells,SRX15229496,SRR19163274,PDX2,Tumor
s0869_mouse6_HBRX2353_Tumor_1cells,SRX15229498,SRR19163272,PDX2,Tumor
s0871_mouse6_HBRX2353_Tumor_1cells,SRX15229500,SRR19163270,PDX2,Tumor
s0876_mouse6_HBRX2353_Tumor_0cells,SRX15229505,SRR19163265,PDX2,Tumor
s0881_mouse6_HBRX2353_Tumor_1cells,SRX15229510,SRR19163260,PDX2,Tumor
s0884_mouse6_HBRX2353_Tumor_0cells,SRX15229437,SRR19162989,PDX2,Tumor
s0887_mouse6_HBRX2353_Tumor_3cells,SRX15229440,SRR19162986,PDX2,Tumor
s0888_mouse6_HBRX2353_Tumor_1cells,SRX15229441,SRR19162985,PDX2,Tumor
s0892_mouse6_HBRX2353_Tumor_1cells,SRX15229445,SRR19162981,PDX2,Tumor
s0896_mouse6_HBRX2353_Tumor_0cells,SRX15229449,SRR19162977,PDX2,Tumor
s0902_mouse6_HBRX2353_Tumor_1cells,SRX15229839,SRR19163619,PDX2,Tumor
s0907_mouse6_HBRX2353_Tumor_1cells,SRX15229844,SRR19163614,PDX2,Tumor
s0911_mouse6_HBRX2353_Tumor_1cells,SRX15229848,SRR19163610,PDX2,Tumor
s0912_mouse6_HBRX2353_Tumor_1cells,SRX15229849,SRR19163609,PDX2,Tumor
s0913_mouse6_HBRX2353_Tumor_1cells,SRX15229850,SRR19163608,PDX2,Tumor
s0917_mouse6_HBRX2353_Tumor_1cells,SRX15229758,SRR19163356,PDX2,Tumor
s0926_mouse6_HBRX2353_Tumor_1cells,SRX15229767,SRR19163347,PDX2,Tumor
s0930_mouse6_HBRX2353_Tumor_1cells,SRX15229771,SRR19163343,PDX2,Tumor
s0933_mouse6_HBRX2353_Tumor_1cells,SRX15229514,SRR19163256,PDX2,Tumor
s0937_mouse6_HBRX2353_Tumor_1cells,SRX15229518,SRR19163252,PDX2,Tumor
s0940_mouse6_HBRX2353_Tumor_1cells,SRX15229521,SRR19163249,PDX2,Tumor
s0942_mouse6_HBRX2353_Tumor_1cells,SRX15229523,SRR19163247,PDX2,Tumor
s0945_mouse6_HBRX2353_Tumor_1cells,SRX15229526,SRR19163244,PDX2,Tumor
s0957_mouse7_HBRX2353_Tumor_0cells,SRX15229462,SRR19162964,PDX2,Tumor
s0963_mouse7_HBRX2353_Tumor_1cells,SRX15229852,SRR19163606,PDX2,Tumor
s0969_mouse7_HBRX2353_Tumor_0cells,SRX15229858,SRR19163600,PDX2,Tumor
s0971_mouse7_HBRX2353_Tumor_1cells,SRX15229860,SRR19163598,PDX2,Tumor
s0979_mouse7_HBRX2353_Tumor_1cells,SRX15229772,SRR19163342,PDX2,Tumor
s0985_mouse7_HBRX2353_Tumor_1cells,SRX15229778,SRR19163336,PDX2,Tumor
s0995_mouse7_HBRX2353_Tumor_1cells,SRX15229528,SRR19163242,PDX2,Tumor
s1001_mouse7_HBRX2353_Tumor_1cells,SRX15229534,SRR19163236,PDX2,Tumor
s1009_mouse7_HBRX2353_Tumor_1cells,SRX15229542,SRR19163228,PDX2,Tumor
s1027_mouse7_HBRX2353_Tumor_1cells,SRX15229868,SRR19163590,PDX2,Tumor
s1063_mouse8_HBRX1921_Tumor_1cells,SRX15229548,SRR19163222,PDX3,Tumor
s1066_mouse8_HBRX1921_Tumor_1cells,SRX15229551,SRR19163219,PDX3,Tumor
s1068_mouse8_HBRX1921_Tumor_1cells,SRX15229553,SRR19163217,PDX3,Tumor
s1070_mouse8_HBRX1921_Tumor_1cells,SRX15229555,SRR19163215,PDX3,Tumor
s1080_mouse8_HBRX1921_Tumor_1cells,SRX15230349,SRR19164141,PDX3,Tumor
s1082_mouse8_HBRX1921_Tumor_1cells,SRX15230351,SRR19164139,PDX3,Tumor
s1085_mouse8_HBRX1921_Tumor_1cells,SRX15230354,SRR19164136,PDX3,Tumor
s1086_mouse8_HBRX1921_Tumor_1cells,SRX15230355,SRR19164135,PDX3,Tumor
s1089_mouse8_HBRX1921_Tumor_1cells,SRX15230358,SRR19164132,PDX3,Tumor
s1091_mouse8_HBRX1921_Tumor_1cells,SRX15229884,SRR19163574,PDX3,Tumor
s1096_mouse8_HBRX1921_Tumor_1cells,SRX15229889,SRR19163569,PDX3,Tumor
s1098_mouse8_HBRX1921_Tumor_1cells,SRX15229891,SRR19163567,PDX3,Tumor
s1106_mouse8_HBRX1921_Tumor_1cells,SRX15229899,SRR19163559,PDX3,Tumor
s1107_mouse8_HBRX1921_Tumor_1cells,SRX15229804,SRR19163310,PDX3,Tumor
s1116_mouse8_HBRX1921_Tumor_1cells,SRX15229813,SRR19163301,PDX3,Tumor
s1128_mouse8_HBRX1921_Tumor_1cells,SRX15229565,SRR19163205,PDX3,Tumor
s1131_mouse8_HBRX1921_Tumor_1cells,SRX15229568,SRR19163202,PDX3,Tumor
s1133_mouse8_HBRX1921_Tumor_1cells,SRX15229570,SRR19163200,PDX3,Tumor
s1135_mouse8_HBRX1921_Tumor_1cells,SRX15229572,SRR19163198,PDX3,Tumor
s1141_mouse8_HBRX1921_Tumor_1cells,SRX15230362,SRR19164128,PDX3,Tumor
s1146_mouse8_HBRX1921_Tumor_1cells,SRX15230367,SRR19164123,PDX3,Tumor
s1148_mouse8_HBRX1921_Tumor_1cells,SRX15230369,SRR19164121,PDX3,Tumor
s1223_mouse9_HBRX1921_Tumor_1cells,SRX15229920,SRR19163538,PDX3,Tumor
s1265_mouse4_HBRX2344_Metastases_1cells,SRX15229606,SRR19163164,PDX4,Metastases
s1274_mouse4_HBRX2344_Metastases_1cells,SRX15230399,SRR19164091,PDX4,Metastases
s1275_mouse4_HBRX2344_Metastases_1cells,SRX15230400,SRR19164090,PDX4,Metastases
s1285_mouse4_HBRX2344_Metastases_1cells,SRX15229934,SRR19163524,PDX4,Metastases
s1306_mouse4_HBRX2344_Metastases_1cells,SRX15230547,SRR19164287,PDX4,Metastases
s1316_mouse4_HBRX2344_Metastases_1cells,SRX15229609,SRR19163161,PDX4,Metastases
s1333_mouse4_HBRX2344_Metastases_1cells,SRX15230410,SRR19164080,PDX4,Metastases
s1341_mouse5_HBRX2344_Metastases_1cells,SRX15230418,SRR19164072,PDX4,Metastases
s1342_mouse5_HBRX2344_Metastases_1cells,SRX15230419,SRR19164071,PDX4,Metastases
s1344_mouse5_HBRX2344_Metastases_1cells,SRX15230421,SRR19164069,PDX4,Metastases
s1348_mouse5_HBRX2344_Metastases_1cells,SRX15229949,SRR19163509,PDX4,Metastases
s1374_mouse5_HBRX2344_Metastases_1cells,SRX15230567,SRR19164267,PDX4,Metastases
s1380_mouse5_HBRX2344_Metastases_1cells,SRX15229625,SRR19163145,PDX4,Metastases
s1385_mouse5_HBRX2344_Metastases_1cells,SRX15229630,SRR19163140,PDX4,Metastases
s1389_mouse5_HBRX2344_Metastases_1cells,SRX15229634,SRR19163136,PDX4,Metastases
s1397_mouse5_HBRX2344_Metastases_1cells,SRX15230426,SRR19164064,PDX4,Metastases
s1413_mouse5_HBRX2344_Metastases_1cells,SRX15229966,SRR19163492,PDX4,Metastases
s1442_mouse6_HBRX2353_Metastases_1cells,SRX15230587,SRR19164247,PDX2,Metastases
s1444_mouse6_HBRX2353_Metastases_1cells,SRX15229641,SRR19163129,PDX2,Metastases
s1448_mouse6_HBRX2353_Metastases_1cells,SRX15229645,SRR19163125,PDX2,Metastases
s1455_mouse6_HBRX2353_Metastases_1cells,SRX15228104,SRR19161914,PDX2,Metastases
s1456_mouse6_HBRX2353_Metastases_1cells,SRX15228105,SRR19161913,PDX2,Metastases
s1457_mouse6_HBRX2353_Metastases_1cells,SRX15228106,SRR19161912,PDX2,Metastases
s1466_mouse6_HBRX2353_Metastases_1cells,SRX15230447,SRR19164043,PDX2,Metastases
s1468_mouse6_HBRX2353_Metastases_1cells,SRX15230449,SRR19164041,PDX2,Metastases
s1472_mouse6_HBRX2353_Metastases_1cells,SRX15230453,SRR19164037,PDX2,Metastases
s1473_mouse6_HBRX2353_Metastases_1cells,SRX15230454,SRR19164036,PDX2,Metastases
s1474_mouse6_HBRX2353_Metastases_1cells,SRX15230455,SRR19164035,PDX2,Metastases
s1478_mouse6_HBRX2353_Metastases_1cells,SRX15229983,SRR19163475,PDX2,Metastases
s1483_mouse6_HBRX2353_Metastases_1cells,SRX15229988,SRR19163470,PDX2,Metastases
s1485_mouse6_HBRX2353_Metastases_1cells,SRX15229990,SRR19163468,PDX2,Metastases
s1487_mouse6_HBRX2353_Metastases_1cells,SRX15229992,SRR19163466,PDX2,Metastases
s1490_mouse6_HBRX2353_Metastases_1cells,SRX15228447,SRR19162259,PDX2,Metastases
s1493_mouse6_HBRX2353_Metastases_1cells,SRX15230590,SRR19164244,PDX2,Metastases
s1498_mouse6_HBRX2353_Metastases_1cells,SRX15230595,SRR19164239,PDX2,Metastases
s1506_mouse6_HBRX2353_Metastases_1cells,SRX15230603,SRR19164231,PDX2,Metastases
s1514_mouse6_HBRX2353_Metastases_1cells,SRX15228115,SRR19161903,PDX2,Metastases
s1515_mouse6_HBRX2353_Metastases_1cells,SRX15228116,SRR19161902,PDX2,Metastases
s1526_mouse6_HBRX2353_Metastases_1cells,SRX15230459,SRR19164031,PDX2,Metastases
s1532_mouse6_HBRX2353_Metastases_1cells,SRX15230465,SRR19164025,PDX2,Metastases
s1533_mouse7_HBRX2353_Metastases_1cells,SRX15230466,SRR19164024,PDX2,Metastases
s1536_mouse7_HBRX2353_Metastases_3cells,SRX15230469,SRR19164021,PDX2,Metastases
s1541_mouse7_HBRX2353_Metastases_1cells,SRX15228450,SRR19162256,PDX2,Metastases
s1545_mouse7_HBRX2353_Metastases_1cells,SRX15228454,SRR19162252,PDX2,Metastases
s1549_mouse7_HBRX2353_Metastases_1cells,SRX15228458,SRR19162248,PDX2,Metastases
s1551_mouse7_HBRX2353_Metastases_1cells,SRX15228460,SRR19162246,PDX2,Metastases
s1552_mouse7_HBRX2353_Metastases_1cells,SRX15228461,SRR19162245,PDX2,Metastases
s1557_mouse7_HBRX2353_Metastases_1cells,SRX15230606,SRR19164228,PDX2,Metastases
s1563_mouse7_HBRX2353_Metastases_1cells,SRX15230612,SRR19164222,PDX2,Metastases
s1564_mouse7_HBRX2353_Metastases_1cells,SRX15230613,SRR19164221,PDX2,Metastases
s1565_mouse7_HBRX2353_Metastases_1cells,SRX15230614,SRR19164220,PDX2,Metastases
s1568_mouse7_HBRX2353_Metastases_1cells,SRX15230617,SRR19164217,PDX2,Metastases
s1569_mouse7_HBRX2353_Metastases_1cells,SRX15230618,SRR19164216,PDX2,Metastases
s1571_mouse7_HBRX2353_Metastases_1cells,SRX15228124,SRR19161894,PDX2,Metastases
s1577_mouse7_HBRX2353_Metastases_1cells,SRX15228130,SRR19161888,PDX2,Metastases
s1580_mouse7_HBRX2353_Metastases_1cells,SRX15228133,SRR19161885,PDX2,Metastases
s1587_mouse7_HBRX2353_Metastases_1cells,SRX15230472,SRR19164018,PDX2,Metastases
s1588_mouse7_HBRX2353_Metastases_1cells,SRX15230473,SRR19164017,PDX2,Metastases
s1589_mouse7_HBRX2353_Metastases_1cells,SRX15230474,SRR19164016,PDX2,Metastases
s1590_mouse7_HBRX2353_Metastases_1cells,SRX15230475,SRR19164015,PDX2,Metastases
s1591_mouse7_HBRX2353_Metastases_1cells,SRX15230476,SRR19164014,PDX2,Metastases
s1593_mouse7_HBRX2353_Metastases_1cells,SRX15230478,SRR19164012,PDX2,Metastases
s1595_mouse7_HBRX2353_Metastases_1cells,SRX15230480,SRR19164010,PDX2,Metastases
s1600_mouse7_HBRX2353_Metastases_1cells,SRX15230485,SRR19164005,PDX2,Metastases
s1607_mouse7_HBRX2353_Metastases_1cells,SRX15228468,SRR19162238,PDX2,Metastases
s1608_mouse7_HBRX2353_Metastases_1cells,SRX15228469,SRR19162237,PDX2,Metastases
s1609_mouse7_HBRX2353_Metastases_1cells,SRX15228470,SRR19162236,PDX2,Metastases
s1610_mouse7_HBRX2353_Metastases_1cells,SRX15228471,SRR19162235,PDX2,Metastases
s1619_mouse7_HBRX2353_Metastases_4cells,SRX15230620,SRR19164214,PDX2,Metastases
s1621_mouse7_HBRX2353_Metastases_1cells,SRX15230622,SRR19164212,PDX2,Metastases
s1625_mouse7_HBRX2353_Metastases_3cells,SRX15230626,SRR19164208,PDX2,Metastases
s1627_mouse7_HBRX2353_Metastases_1cells,SRX15230628,SRR19164206,PDX2,Metastases
s1628_mouse7_HBRX2353_Metastases_1cells,SRX15230629,SRR19164205,PDX2,Metastases
s1630_mouse9_HBRX1921_Metastases_1cells,SRX15230631,SRR19164203,PDX3,Metastases
s1636_mouse9_HBRX1921_Metastases_1cells,SRX15228141,SRR19161877,PDX3,Metastases
s1642_mouse9_HBRX1921_Metastases_1cells,SRX15228147,SRR19161871,PDX3,Metastases
s1652_mouse9_HBRX1921_Metastases_1cells,SRX15230489,SRR19164001,PDX3,Metastases
s1656_mouse9_HBRX1921_Metastases_1cells,SRX15230493,SRR19163997,PDX3,Metastases
s1673_mouse9_HBRX1921_Metastases_1cells,SRX15228486,SRR19162220,PDX3,Metastases
s1680_mouse9_HBRX1921_Metastases_1cells,SRX15228493,SRR19162213,PDX3,Metastases
s1684_mouse9_HBRX1921_Metastases_1cells,SRX15230637,SRR19164197,PDX3,Metastases
s1689_mouse9_HBRX1921_Metastases_1cells,SRX15230642,SRR19164192,PDX3,Metastases
s1691_mouse9_HBRX1921_Metastases_1cells,SRX15230644,SRR19164190,PDX3,Metastases
s1694_mouse9_HBRX1921_Metastases_1cells,SRX15230647,SRR19164187,PDX3,Metastases
s1704_mouse9_HBRX1921_Metastases_1cells,SRX15228161,SRR19161857,PDX3,Metastases
s1736_mouse10_HBRX1921_Metastases_1cells,SRX15228501,SRR19162205,PDX3,Metastases
s1738_mouse10_HBRX1921_Metastases_1cells,SRX15228503,SRR19162203,PDX3,Metastases
s1745_mouse10_HBRX1921_Metastases_1cells,SRX15228510,SRR19162196,PDX3,Metastases
s1752_mouse10_HBRX1921_Metastases_1cells,SRX15230657,SRR19164177,PDX3,Metastases
s1753_mouse10_HBRX1921_Metastases_1cells,SRX15230658,SRR19164176,PDX3,Metastases
s1762_mouse10_HBRX1921_Metastases_1cells,SRX15230667,SRR19164167,PDX3,Metastases
s1770_mouse10_HBRX1921_Metastases_1cells,SRX15228179,SRR19161839,PDX3,Metastases
s1775_mouse10_HBRX1921_Metastases_1cells,SRX15228184,SRR19161834,PDX3,Metastases
s1793_mouse10_HBRX1921_Metastases_1cells,SRX15228298,SRR19162064,PDX3,Metastases
s1794_mouse10_HBRX1921_Metastases_1cells,SRX15228299,SRR19162063,PDX3,Metastases
s1795_mouse10_HBRX1921_Metastases_1cells,SRX15228512,SRR19162194,PDX3,Metastases
s1796_mouse10_HBRX1921_Metastases_1cells,SRX15228513,SRR19162193,PDX3,Metastases
s1808_mouse10_HBRX1921_Metastases_1cells,SRX15228525,SRR19162181,PDX3,Metastases
s1814_mouse10_HBRX1921_Metastases_1cells,SRX15230671,SRR19164163,PDX3,Metastases
s1815_mouse10_HBRX1921_Metastases_1cells,SRX15230672,SRR19164162,PDX3,Metastases
s1823_mouse11_HBRX1921_Metastases_1cells,SRX15230680,SRR19164154,PDX3,Metastases
s1824_mouse11_HBRX1921_Metastases_1cells,SRX15230681,SRR19164153,PDX3,Metastases
s1825_mouse11_HBRX1921_Metastases_1cells,SRX15230740,SRR19164554,PDX3,Metastases
s1826_mouse11_HBRX1921_Metastases_1cells,SRX15230741,SRR19164553,PDX3,Metastases
s1828_mouse11_HBRX1921_Metastases_1cells,SRX15228189,SRR19161829,PDX3,Metastases
s1830_mouse11_HBRX1921_Metastases_1cells,SRX15228191,SRR19161827,PDX3,Metastases
s1831_mouse11_HBRX1921_Metastases_1cells,SRX15228192,SRR19161826,PDX3,Metastases
s1832_mouse11_HBRX1921_Metastases_1cells,SRX15228193,SRR19161825,PDX3,Metastases
s1833_mouse11_HBRX1921_Metastases_1cells,SRX15228194,SRR19161824,PDX3,Metastases
s1837_mouse11_HBRX1921_Metastases_1cells,SRX15228198,SRR19161820,PDX3,Metastases
s1840_mouse11_HBRX1921_Metastases_1cells,SRX15228201,SRR19161817,PDX3,Metastases
s1842_mouse11_HBRX1921_Metastases_1cells,SRX15228203,SRR19161815,PDX3,Metastases
s1843_mouse11_HBRX1921_Metastases_1cells,SRX15228300,SRR19162062,PDX3,Metastases
s1844_mouse11_HBRX1921_Metastases_1cells,SRX15228301,SRR19162061,PDX3,Metastases
s1845_mouse11_HBRX1921_Metastases_1cells,SRX15228302,SRR19162060,PDX3,Metastases
s1847_mouse11_HBRX1921_Metastases_1cells,SRX15228304,SRR19162058,PDX3,Metastases
s1848_mouse11_HBRX1921_Metastases_1cells,SRX15228305,SRR19162057,PDX3,Metastases
s1849_mouse11_HBRX1921_Metastases_1cells,SRX15228306,SRR19162056,PDX3,Metastases
s1850_mouse11_HBRX1921_Metastases_1cells,SRX15228307,SRR19162055,PDX3,Metastases
s1852_mouse11_HBRX1921_Metastases_1cells,SRX15228309,SRR19162053,PDX3,Metastases
s1853_mouse11_HBRX1921_Metastases_1cells,SRX15228310,SRR19162052,PDX3,Metastases
s1856_mouse11_HBRX1921_Metastases_1cells,SRX15228313,SRR19162049,PDX3,Metastases
s1857_mouse11_HBRX1921_Metastases_1cells,SRX15228314,SRR19162048,PDX3,Metastases
s1860_mouse11_HBRX1921_Metastases_1cells,SRX15228529,SRR19162177,PDX3,Metastases
s1861_mouse11_HBRX1921_Metastases_1cells,SRX15228530,SRR19162176,PDX3,Metastases
s1862_mouse11_HBRX1921_Metastases_1cells,SRX15228531,SRR19162175,PDX3,Metastases
s1865_mouse11_HBRX1921_Metastases_1cells,SRX15228534,SRR19162172,PDX3,Metastases
s1866_mouse11_HBRX1921_Metastases_1cells,SRX15228535,SRR19162171,PDX3,Metastases
s1867_mouse11_HBRX1921_Metastases_1cells,SRX15228536,SRR19162170,PDX3,Metastases
s1868_mouse11_HBRX1921_Metastases_1cells,SRX15228537,SRR19162169,PDX3,Metastases
s1873_mouse11_HBRX1921_Metastases_1cells,SRX15228542,SRR19162164,PDX3,Metastases
s1874_mouse11_HBRX1921_Metastases_1cells,SRX15228543,SRR19162163,PDX3,Metastases
s1877_mouse11_HBRX1921_Metastases_1cells,SRX15230744,SRR19164550,PDX3,Metastases
s1878_mouse11_HBRX1921_Metastases_1cells,SRX15230745,SRR19164549,PDX3,Metastases
s1879_mouse11_HBRX1921_Metastases_1cells,SRX15230746,SRR19164548,PDX3,Metastases
s1884_mouse11_HBRX1921_Metastases_1cells,SRX15230751,SRR19164543,PDX3,Metastases
s1886_mouse11_HBRX1921_Metastases_1cells,SRX15230753,SRR19164541,PDX3,Metastases
s1887_mouse11_HBRX1921_Metastases_1cells,SRX15230754,SRR19164540,PDX3,Metastases
s1888_mouse11_HBRX1921_Metastases_1cells,SRX15230755,SRR19164539,PDX3,Metastases
s1889_mouse11_HBRX1921_Metastases_1cells,SRX15230756,SRR19164538,PDX3,Metastases
s1890_mouse11_HBRX1921_Metastases_1cells,SRX15230757,SRR19164537,PDX3,Metastases
s1891_mouse11_HBRX1921_Metastases_1cells,SRX15228204,SRR19161814,PDX3,Metastases
s1892_mouse11_HBRX1921_Metastases_1cells,SRX15228205,SRR19161813,PDX3,Metastases
s1893_mouse11_HBRX1921_Metastases_1cells,SRX15228206,SRR19161812,PDX3,Metastases
s1895_mouse11_HBRX1921_Metastases_1cells,SRX15228208,SRR19161810,PDX3,Metastases
s1897_mouse11_HBRX1921_Metastases_1cells,SRX15228210,SRR19161808,PDX3,Metastases
s1899_mouse11_HBRX1921_Metastases_1cells,SRX15228212,SRR19161806,PDX3,Metastases
s1900_mouse11_HBRX1921_Metastases_1cells,SRX15228213,SRR19161805,PDX3,Metastases
s1903_mouse11_HBRX1921_Metastases_1cells,SRX15228216,SRR19161802,PDX3,Metastases
s1904_mouse11_HBRX1921_Metastases_1cells,SRX15228217,SRR19161801,PDX3,Metastases
s1905_mouse11_HBRX1921_Metastases_1cells,SRX15228218,SRR19161800,PDX3,Metastases
s1908_mouse11_HBRX1921_Metastases_1cells,SRX15228317,SRR19162045,PDX3,Metastases
s1909_mouse11_HBRX1921_Metastases_1cells,SRX15228318,SRR19162044,PDX3,Metastases
s1910_mouse11_HBRX1921_Metastases_1cells,SRX15228319,SRR19162043,PDX3,Metastases
s1912_mouse11_HBRX1921_Metastases_1cells,SRX15228321,SRR19162041,PDX3,Metastases
s1914_mouse11_HBRX1921_Metastases_1cells,SRX15228323,SRR19162039,PDX3,Metastases
s1915_mouse11_HBRX1921_Metastases_1cells,SRX15228324,SRR19162038,PDX3,Metastases
s1916_mouse11_HBRX1921_Metastases_1cells,SRX15228325,SRR19162037,PDX3,Metastases
s1919_mouse12_HBRX2353_Tumor_1cells,SRX15228328,SRR19162034,PDX2,Tumor
s1924_mouse12_HBRX2353_Tumor_1cells,SRX15228545,SRR19162161,PDX2,Tumor
s1925_mouse12_HBRX2353_Tumor_1cells,SRX15228546,SRR19162160,PDX2,Tumor
s1927_mouse12_HBRX2353_Tumor_1cells,SRX15228548,SRR19162158,PDX2,Tumor
s1928_mouse12_HBRX2353_Tumor_1cells,SRX15228549,SRR19162157,PDX2,Tumor
s1929_mouse12_HBRX2353_Tumor_1cells,SRX15228550,SRR19162156,PDX2,Tumor
s1930_mouse12_HBRX2353_Tumor_1cells,SRX15228551,SRR19162155,PDX2,Tumor
s1932_mouse12_HBRX2353_Tumor_1cells,SRX15228553,SRR19162153,PDX2,Tumor
s1934_mouse12_HBRX2353_Tumor_1cells,SRX15228555,SRR19162151,PDX2,Tumor
s1935_mouse12_HBRX2353_Tumor_1cells,SRX15228556,SRR19162150,PDX2,Tumor
s1936_mouse12_HBRX2353_Tumor_1cells,SRX15228557,SRR19162149,PDX2,Tumor
s1937_mouse12_HBRX2353_Tumor_1cells,SRX15228558,SRR19162148,PDX2,Tumor
s1938_mouse12_HBRX2353_Tumor_1cells,SRX15228559,SRR19162147,PDX2,Tumor
s1943_mouse12_HBRX2353_Tumor_1cells,SRX15230762,SRR19164532,PDX2,Tumor
s1946_mouse12_HBRX2353_Tumor_1cells,SRX15230765,SRR19164529,PDX2,Tumor
s1948_mouse12_HBRX2353_Tumor_1cells,SRX15230767,SRR19164527,PDX2,Tumor
s1949_mouse12_HBRX2353_Tumor_1cells,SRX15230768,SRR19164526,PDX2,Tumor
s1950_mouse12_HBRX2353_Tumor_1cells,SRX15230769,SRR19164525,PDX2,Tumor
s1952_mouse12_HBRX2353_Tumor_1cells,SRX15230771,SRR19164523,PDX2,Tumor
s1953_mouse12_HBRX2353_Tumor_1cells,SRX15230772,SRR19164522,PDX2,Tumor
s1954_mouse12_HBRX2353_Tumor_1cells,SRX15230773,SRR19164521,PDX2,Tumor
s1955_mouse12_HBRX2353_Tumor_1cells,SRX15228220,SRR19161798,PDX2,Tumor
s1958_mouse12_HBRX2353_Tumor_1cells,SRX15228223,SRR19161795,PDX2,Tumor
s1961_mouse12_HBRX2353_Tumor_1cells,SRX15228226,SRR19161792,PDX2,Tumor
s1963_mouse12_HBRX2353_Tumor_1cells,SRX15228228,SRR19161790,PDX2,Tumor
s1967_mouse12_HBRX2353_Tumor_1cells,SRX15228232,SRR19161786,PDX2,Tumor
s1968_mouse12_HBRX2353_Tumor_1cells,SRX15228233,SRR19161785,PDX2,Tumor
s1969_mouse12_HBRX2353_Tumor_1cells,SRX15228234,SRR19161784,PDX2,Tumor
s1970_mouse12_HBRX2353_Tumor_1cells,SRX15228235,SRR19161783,PDX2,Tumor
s1973_mouse12_HBRX2353_Tumor_1cells,SRX15228334,SRR19162028,PDX2,Tumor
s1974_mouse12_HBRX2353_Tumor_1cells,SRX15228335,SRR19162027,PDX2,Tumor
s1977_mouse12_HBRX2353_Tumor_1cells,SRX15228338,SRR19162024,PDX2,Tumor
s1979_mouse12_HBRX2353_Tumor_1cells,SRX15228340,SRR19162022,PDX2,Tumor
s1980_mouse12_HBRX2353_Tumor_1cells,SRX15228341,SRR19162021,PDX2,Tumor
s1981_mouse12_HBRX2353_Tumor_1cells,SRX15228342,SRR19162020,PDX2,Tumor
s1982_mouse12_HBRX2353_Tumor_1cells,SRX15228343,SRR19162019,PDX2,Tumor
s1983_mouse12_HBRX2353_Tumor_1cells,SRX15228344,SRR19162018,PDX2,Tumor
s1985_mouse12_HBRX2353_Tumor_1cells,SRX15228346,SRR19162016,PDX2,Tumor
s1986_mouse12_HBRX2353_Tumor_1cells,SRX15228347,SRR19162015,PDX2,Tumor
s1987_mouse13_HBRX2353_Tumor_1cells,SRX15228560,SRR19162146,PDX2,Tumor
s1988_mouse13_HBRX2353_Tumor_1cells,SRX15228561,SRR19162145,PDX2,Tumor
s1991_mouse13_HBRX2353_Tumor_1cells,SRX15228564,SRR19162142,PDX2,Tumor
s1992_mouse13_HBRX2353_Tumor_1cells,SRX15228565,SRR19162141,PDX2,Tumor
s1993_mouse13_HBRX2353_Tumor_1cells,SRX15228566,SRR19162140,PDX2,Tumor
s1994_mouse13_HBRX2353_Tumor_1cells,SRX15228567,SRR19162139,PDX2,Tumor
s1996_mouse13_HBRX2353_Tumor_1cells,SRX15228569,SRR19162137,PDX2,Tumor
s1998_mouse13_HBRX2353_Tumor_1cells,SRX15228571,SRR19162135,PDX2,Tumor
s2000_mouse13_HBRX2353_Tumor_1cells,SRX15228573,SRR19162133,PDX2,Tumor
s2001_mouse13_HBRX2353_Tumor_1cells,SRX15228574,SRR19162132,PDX2,Tumor
s2002_mouse13_HBRX2353_Tumor_1cells,SRX15228575,SRR19162131,PDX2,Tumor
s2003_mouse13_HBRX2353_Tumor_1cells,SRX15230774,SRR19164520,PDX2,Tumor
s2004_mouse13_HBRX2353_Tumor_1cells,SRX15230775,SRR19164519,PDX2,Tumor
s2009_mouse13_HBRX2353_Tumor_1cells,SRX15230780,SRR19164514,PDX2,Tumor
s2010_mouse13_HBRX2353_Tumor_1cells,SRX15230781,SRR19164513,PDX2,Tumor
s2011_mouse13_HBRX2353_Tumor_1cells,SRX15230782,SRR19164512,PDX2,Tumor
s2012_mouse13_HBRX2353_Tumor_1cells,SRX15230783,SRR19164511,PDX2,Tumor
s2013_mouse14_HBRX2353_Tumor_1cells,SRX15230784,SRR19164510,PDX2,Tumor
s2014_mouse14_HBRX2353_Tumor_1cells,SRX15230785,SRR19164509,PDX2,Tumor
s2016_mouse14_HBRX2353_Tumor_1cells,SRX15230787,SRR19164507,PDX2,Tumor
s2018_mouse14_HBRX2353_Tumor_1cells,SRX15230789,SRR19164505,PDX2,Tumor
s2019_mouse14_HBRX2353_Tumor_1cells,SRX15228236,SRR19161782,PDX2,Tumor
s2020_mouse14_HBRX2353_Tumor_1cells,SRX15228237,SRR19161781,PDX2,Tumor
s2021_mouse14_HBRX2353_Tumor_1cells,SRX15228238,SRR19161780,PDX2,Tumor
s2022_mouse14_HBRX2353_Tumor_1cells,SRX15228239,SRR19161779,PDX2,Tumor
s2023_mouse14_HBRX2353_Tumor_1cells,SRX15228240,SRR19161778,PDX2,Tumor
s2024_mouse14_HBRX2353_Tumor_1cells,SRX15228241,SRR19161777,PDX2,Tumor
s2025_mouse14_HBRX2353_Tumor_1cells,SRX15228242,SRR19161776,PDX2,Tumor
s2026_mouse14_HBRX2353_Tumor_1cells,SRX15228243,SRR19161775,PDX2,Tumor
s2027_mouse14_HBRX2353_Tumor_1cells,SRX15228244,SRR19161774,PDX2,Tumor
s2028_mouse14_HBRX2353_Tumor_1cells,SRX15228245,SRR19161773,PDX2,Tumor
s2029_mouse14_HBRX2353_Tumor_1cells,SRX15228246,SRR19161772,PDX2,Tumor
s2030_mouse14_HBRX2353_Tumor_1cells,SRX15228247,SRR19161771,PDX2,Tumor
s2032_mouse14_HBRX2353_Tumor_1cells,SRX15228249,SRR19161769,PDX2,Tumor
s2033_mouse14_HBRX2353_Tumor_1cells,SRX15228250,SRR19161768,PDX2,Tumor
s2034_mouse14_HBRX2353_Tumor_1cells,SRX15228251,SRR19161767,PDX2,Tumor
s2037_mouse14_HBRX2353_Tumor_1cells,SRX15228350,SRR19162012,PDX2,Tumor
s2038_mouse14_HBRX2353_Tumor_1cells,SRX15228351,SRR19162011,PDX2,Tumor
s2039_mouse14_HBRX2353_Tumor_1cells,SRX15228352,SRR19162010,PDX2,Tumor
s2041_mouse14_HBRX2353_Tumor_1cells,SRX15228354,SRR19162008,PDX2,Tumor
s2042_mouse14_HBRX2353_Tumor_1cells,SRX15228355,SRR19162007,PDX2,Tumor
s2044_mouse14_HBRX2353_Tumor_1cells,SRX15228357,SRR19162005,PDX2,Tumor
s2045_mouse14_HBRX2353_Tumor_1cells,SRX15228358,SRR19162004,PDX2,Tumor
s2046_mouse14_HBRX2353_Tumor_1cells,SRX15228359,SRR19162003,PDX2,Tumor
s2047_mouse14_HBRX2353_Tumor_1cells,SRX15228360,SRR19162002,PDX2,Tumor
s2048_mouse14_HBRX2353_Tumor_1cells,SRX15228361,SRR19162001,PDX2,Tumor
s2049_mouse14_HBRX2353_Tumor_1cells,SRX15228362,SRR19162000,PDX2,Tumor
s2050_mouse14_HBRX2353_Tumor_1cells,SRX15228363,SRR19161999,PDX2,Tumor
s2051_mouse14_HBRX2353_Tumor_1cells,SRX15228576,SRR19162130,PDX2,Tumor
s2052_mouse14_HBRX2353_Tumor_1cells,SRX15228577,SRR19162129,PDX2,Tumor
s2053_mouse14_HBRX2353_Tumor_1cells,SRX15228578,SRR19162128,PDX2,Tumor
s2054_mouse14_HBRX2353_Tumor_1cells,SRX15228579,SRR19162127,PDX2,Tumor
s2055_mouse14_HBRX2353_Tumor_1cells,SRX15228580,SRR19162126,PDX2,Tumor
s2056_mouse14_HBRX2353_Tumor_1cells,SRX15228581,SRR19162125,PDX2,Tumor
s2058_mouse14_HBRX2353_Tumor_1cells,SRX15228583,SRR19162123,PDX2,Tumor
s2059_mouse14_HBRX2353_Tumor_1cells,SRX15228584,SRR19162122,PDX2,Tumor
s2060_mouse14_HBRX2353_Tumor_1cells,SRX15228585,SRR19162121,PDX2,Tumor
s2061_mouse14_HBRX2353_Tumor_1cells,SRX15228586,SRR19162120,PDX2,Tumor
s2062_mouse14_HBRX2353_Tumor_1cells,SRX15228587,SRR19162119,PDX2,Tumor
s2064_mouse14_HBRX2353_Tumor_1cells,SRX15228589,SRR19162117,PDX2,Tumor
s2066_mouse14_HBRX2353_Tumor_1cells,SRX15228591,SRR19162115,PDX2,Tumor
s2067_mouse14_HBRX2353_Tumor_1cells,SRX15230790,SRR19164504,PDX2,Tumor
s2070_mouse13_HBRX2353_Tumor_1cells,SRX15230792,SRR19164502,PDX2,Tumor
s2071_mouse13_HBRX2353_Tumor_1cells,SRX15230793,SRR19164501,PDX2,Tumor
s2072_mouse13_HBRX2353_Tumor_1cells,SRX15230794,SRR19164500,PDX2,Tumor
s2075_mouse13_HBRX2353_Tumor_1cells,SRX15230797,SRR19164497,PDX2,Tumor
s2077_mouse13_HBRX2353_Tumor_1cells,SRX15230799,SRR19164495,PDX2,Tumor
s2078_mouse13_HBRX2353_Tumor_1cells,SRX15230800,SRR19164494,PDX2,Tumor
s2080_mouse13_HBRX2353_Tumor_1cells,SRX15230802,SRR19164492,PDX2,Tumor
s2085_mouse13_HBRX2353_Tumor_1cells,SRX15228253,SRR19161765,PDX2,Tumor
s2086_mouse13_HBRX2353_Tumor_1cells,SRX15228254,SRR19161764,PDX2,Tumor
s2088_mouse13_HBRX2353_Tumor_1cells,SRX15228256,SRR19161762,PDX2,Tumor
s2089_mouse13_HBRX2353_Tumor_1cells,SRX15228257,SRR19161761,PDX2,Tumor
s2090_mouse13_HBRX2353_Tumor_1cells,SRX15228258,SRR19161760,PDX2,Tumor
s2091_mouse13_HBRX2353_Tumor_1cells,SRX15228259,SRR19161759,PDX2,Tumor
s2098_mouse15_HBRX2353_Metastases_1cells,SRX15228266,SRR19161752,PDX2,Metastases
s2102_mouse15_HBRX2353_Metastases_1cells,SRX15228366,SRR19161996,PDX2,Metastases
s2105_mouse15_HBRX2353_Metastases_1cells,SRX15228369,SRR19161993,PDX2,Metastases
s2106_mouse15_HBRX2353_Metastases_1cells,SRX15228370,SRR19161992,PDX2,Metastases
s2113_mouse15_HBRX2353_Metastases_1cells,SRX15228377,SRR19161985,PDX2,Metastases
s2117_mouse15_HBRX2353_Metastases_1cells,SRX15228593,SRR19162113,PDX2,Metastases
s2139_mouse15_HBRX2353_Metastases_1cells,SRX15230813,SRR19164481,PDX2,Metastases
s2145_mouse15_HBRX2353_Metastases_1cells,SRX15230818,SRR19164476,PDX2,Metastases
s2148_mouse15_HBRX2353_Metastases_1cells,SRX15230821,SRR19164473,PDX2,Metastases
s2149_mouse15_HBRX2353_Metastases_1cells,SRX15228268,SRR19161750,PDX2,Metastases
s2162_mouse15_HBRX2353_Metastases_1cells,SRX15230173,SRR19163973,PDX2,Metastases
s2165_mouse15_HBRX2353_Metastases_3cells,SRX15228380,SRR19161982,PDX2,Metastases
s2169_mouse15_HBRX2353_Metastases_1cells,SRX15228384,SRR19161978,PDX2,Metastases
s2171_mouse15_HBRX2353_Metastases_1cells,SRX15228386,SRR19161976,PDX2,Metastases
s2175_mouse15_HBRX2353_Metastases_1cells,SRX15228390,SRR19161972,PDX2,Metastases
s2177_mouse15_HBRX2353_Metastases_1cells,SRX15228392,SRR19161970,PDX2,Metastases
s0001_mouse18_HBRX3078_Tumor_0cells,SRX15228616,SRR19162090,PDX1,Tumor
s0003_mouse18_HBRX3078_Tumor_1cells,SRX15228790,SRR19162604,PDX1,Tumor
s0004_mouse18_HBRX3078_Tumor_1cells,SRX15228791,SRR19162603,PDX1,Tumor
s0007_mouse18_HBRX3078_Tumor_0cells,SRX15228794,SRR19162600,PDX1,Tumor
s0008_mouse18_HBRX3078_Tumor_1cells,SRX15228795,SRR19162599,PDX1,Tumor
s0009_mouse18_HBRX3078_Tumor_1cells,SRX15230822,SRR19164472,PDX1,Tumor
s0010_mouse18_HBRX3078_Tumor_1cells,SRX15230823,SRR19164471,PDX1,Tumor
s0011_mouse18_HBRX3078_Tumor_1cells,SRX15230824,SRR19164470,PDX1,Tumor
s0012_mouse18_HBRX3078_Tumor_1cells,SRX15230825,SRR19164469,PDX1,Tumor
s0013_mouse18_HBRX3078_Tumor_1cells,SRX15230826,SRR19164468,PDX1,Tumor
s0014_mouse18_HBRX3078_Tumor_1cells,SRX15230827,SRR19164467,PDX1,Tumor
s0015_mouse18_HBRX3078_Tumor_1cells,SRX15230828,SRR19164466,PDX1,Tumor
s0016_mouse18_HBRX3078_Tumor_1cells,SRX15230829,SRR19164465,PDX1,Tumor
s0017_mouse18_HBRX3078_Tumor_1cells,SRX15230830,SRR19164464,PDX1,Tumor
s0018_mouse18_HBRX3078_Tumor_1cells,SRX15230831,SRR19164463,PDX1,Tumor
s0019_mouse18_HBRX3078_Tumor_1cells,SRX15230832,SRR19164462,PDX1,Tumor
s0020_mouse18_HBRX3078_Tumor_1cells,SRX15230833,SRR19164461,PDX1,Tumor
s0022_mouse18_HBRX3078_Tumor_1cells,SRX15230835,SRR19164459,PDX1,Tumor
s0023_mouse18_HBRX3078_Tumor_1cells,SRX15230836,SRR19164458,PDX1,Tumor
s0026_mouse18_HBRX3078_Tumor_0cells,SRX15229097,SRR19162641,PDX1,Tumor
s0029_mouse18_HBRX3078_Tumor_1cells,SRX15229100,SRR19162638,PDX1,Tumor
s0030_mouse18_HBRX3078_Tumor_1cells,SRX15229101,SRR19162637,PDX1,Tumor
s0032_mouse18_HBRX3078_Tumor_1cells,SRX15229103,SRR19162635,PDX1,Tumor
s0034_mouse18_HBRX3078_Tumor_1cells,SRX15229105,SRR19162633,PDX1,Tumor
s0035_mouse18_HBRX3078_Tumor_1cells,SRX15229106,SRR19162632,PDX1,Tumor
s0037_mouse18_HBRX3078_Tumor_1cells,SRX15229108,SRR19162630,PDX1,Tumor
s0042_mouse18_HBRX3078_Tumor_1cells,SRX15228397,SRR19161965,PDX1,Tumor
s0043_mouse18_HBRX3078_Tumor_1cells,SRX15228398,SRR19161964,PDX1,Tumor
s0044_mouse18_HBRX3078_Tumor_1cells,SRX15228399,SRR19161963,PDX1,Tumor
s0045_mouse18_HBRX3078_Tumor_1cells,SRX15228400,SRR19161962,PDX1,Tumor
s0046_mouse18_HBRX3078_Tumor_1cells,SRX15228401,SRR19161961,PDX1,Tumor
s0047_mouse18_HBRX3078_Tumor_1cells,SRX15228402,SRR19161960,PDX1,Tumor
s0050_mouse18_HBRX3078_Tumor_1cells,SRX15228405,SRR19161957,PDX1,Tumor
s0052_mouse18_HBRX3078_Tumor_1cells,SRX15228407,SRR19161955,PDX1,Tumor
s0053_mouse18_HBRX3078_Tumor_1cells,SRX15228408,SRR19161954,PDX1,Tumor
s0054_mouse18_HBRX3078_Tumor_1cells,SRX15228409,SRR19161953,PDX1,Tumor
s0055_mouse18_HBRX3078_Tumor_1cells,SRX15228410,SRR19161952,PDX1,Tumor
s0056_mouse18_HBRX3078_Tumor_1cells,SRX15228411,SRR19161951,PDX1,Tumor
s0059_mouse18_HBRX3078_Tumor_1cells,SRX15228798,SRR19162596,PDX1,Tumor
s0060_mouse18_HBRX3078_Tumor_1cells,SRX15228799,SRR19162595,PDX1,Tumor
s0061_mouse18_HBRX3078_Tumor_1cells,SRX15228800,SRR19162594,PDX1,Tumor
s0064_mouse18_HBRX3078_Tumor_1cells,SRX15228803,SRR19162591,PDX1,Tumor
s0065_mouse18_HBRX3078_Tumor_1cells,SRX15228804,SRR19162590,PDX1,Tumor
s0069_mouse18_HBRX3078_Tumor_1cells,SRX15228808,SRR19162586,PDX1,Tumor
s0073_mouse18_HBRX3078_Tumor_1cells,SRX15230838,SRR19164456,PDX1,Tumor
s0088_mouse18_HBRX3078_Tumor_1cells,SRX15230853,SRR19164441,PDX1,Tumor
s0098_mouse18_HBRX3078_Metastases_1cells,SRX15229120,SRR19162618,PDX1,Metastases
s0099_mouse18_HBRX3078_Metastases_1cells,SRX15229121,SRR19162617,PDX1,Metastases
s0100_mouse18_HBRX3078_Metastases_1cells,SRX15229122,SRR19162616,PDX1,Metastases
s0101_mouse18_HBRX3078_Metastases_1cells,SRX15229123,SRR19162615,PDX1,Metastases
s0102_mouse18_HBRX3078_Metastases_1cells,SRX15229124,SRR19162614,PDX1,Metastases
s0103_mouse18_HBRX3078_Metastases_3cells,SRX15229125,SRR19162613,PDX1,Metastases
s0106_mouse18_HBRX3078_Metastases_1cells,SRX15228412,SRR19161950,PDX1,Metastases
s0108_mouse18_HBRX3078_Metastases_1cells,SRX15228414,SRR19161948,PDX1,Metastases
s0109_mouse18_HBRX3078_Metastases_1cells,SRX15228415,SRR19161947,PDX1,Metastases
s0110_mouse18_HBRX3078_Metastases_1cells,SRX15228416,SRR19161946,PDX1,Metastases
s0112_mouse18_HBRX3078_Metastases_1cells,SRX15228418,SRR19161944,PDX1,Metastases
s0113_mouse18_HBRX3078_Metastases_1cells,SRX15228419,SRR19161943,PDX1,Metastases
s0114_mouse18_HBRX3078_Metastases_1cells,SRX15228420,SRR19161942,PDX1,Metastases
s0115_mouse18_HBRX3078_Metastases_1cells,SRX15228421,SRR19161941,PDX1,Metastases
s0116_mouse18_HBRX3078_Metastases_3cells,SRX15228422,SRR19161940,PDX1,Metastases
s0118_mouse18_HBRX3078_Metastases_1cells,SRX15228424,SRR19161938,PDX1,Metastases
s0119_mouse18_HBRX3078_Metastases_1cells,SRX15228425,SRR19161937,PDX1,Metastases
s0120_mouse18_HBRX3078_Metastases_1cells,SRX15228426,SRR19161936,PDX1,Metastases
s0121_mouse18_HBRX3078_Metastases_1cells,SRX15228427,SRR19161935,PDX1,Metastases
s0123_mouse18_HBRX3078_Metastases_1cells,SRX15228813,SRR19162581,PDX1,Metastases
s0124_mouse18_HBRX3078_Metastases_1cells,SRX15228814,SRR19162580,PDX1,Metastases
s0125_mouse18_HBRX3078_Metastases_1cells,SRX15228815,SRR19162579,PDX1,Metastases
s0126_mouse18_HBRX3078_Metastases_1cells,SRX15228816,SRR19162578,PDX1,Metastases
s0127_mouse18_HBRX3078_Metastases_1cells,SRX15228817,SRR19162577,PDX1,Metastases
s0128_mouse18_HBRX3078_Metastases_1cells,SRX15228818,SRR19162576,PDX1,Metastases
s0130_mouse18_HBRX3078_Metastases_1cells,SRX15228820,SRR19162574,PDX1,Metastases
s0131_mouse18_HBRX3078_Metastases_1cells,SRX15228821,SRR19162573,PDX1,Metastases
s0132_mouse18_HBRX3078_Metastases_1cells,SRX15228822,SRR19162572,PDX1,Metastases
s0133_mouse18_HBRX3078_Metastases_1cells,SRX15228823,SRR19162571,PDX1,Metastases
s0135_mouse18_HBRX3078_Metastases_1cells,SRX15228825,SRR19162569,PDX1,Metastases
s0136_mouse18_HBRX3078_Metastases_1cells,SRX15228826,SRR19162568,PDX1,Metastases
s0137_mouse18_HBRX3078_Metastases_1cells,SRX15228827,SRR19162567,PDX1,Metastases
s0138_mouse18_HBRX3078_Metastases_1cells,SRX15230854,SRR19164440,PDX1,Metastases
s0143_mouse18_HBRX3078_Metastases_1cells,SRX15230859,SRR19164435,PDX1,Metastases
s0144_mouse18_HBRX3078_Metastases_1cells,SRX15230860,SRR19164434,PDX1,Metastases
s0145_mouse18_HBRX3078_Metastases_1cells,SRX15230861,SRR19164433,PDX1,Metastases
s0147_mouse18_HBRX3078_Metastases_1cells,SRX15230863,SRR19164431,PDX1,Metastases
s0148_mouse18_HBRX3078_Metastases_1cells,SRX15230864,SRR19164430,PDX1,Metastases
s0149_mouse18_HBRX3078_Metastases_1cells,SRX15230865,SRR19164429,PDX1,Metastases
s0150_mouse18_HBRX3078_Metastases_1cells,SRX15230866,SRR19164428,PDX1,Metastases
s0151_mouse18_HBRX3078_Metastases_1cells,SRX15230867,SRR19164427,PDX1,Metastases
s0155_mouse18_HBRX3078_Metastases_1cells,SRX15229129,SRR19162609,PDX1,Metastases
s0156_mouse18_HBRX3078_Metastases_1cells,SRX15229130,SRR19162608,PDX1,Metastases
s0157_mouse18_HBRX3078_Metastases_1cells,SRX15229131,SRR19162607,PDX1,Metastases
s0161_mouse18_HBRX3078_Metastases_1cells,SRX15230913,SRR19164725,PDX1,Metastases
s0163_mouse18_HBRX3078_Metastases_1cells,SRX15230915,SRR19164723,PDX1,Metastases
s0164_mouse18_HBRX3078_Metastases_1cells,SRX15230916,SRR19164722,PDX1,Metastases
s0166_mouse18_HBRX3078_Metastases_1cells,SRX15230918,SRR19164720,PDX1,Metastases
s0167_mouse18_HBRX3078_Metastases_1cells,SRX15230919,SRR19164719,PDX1,Metastases
s0168_mouse18_HBRX3078_Metastases_1cells,SRX15230920,SRR19164718,PDX1,Metastases
s0169_mouse18_HBRX3078_Metastases_1cells,SRX15230921,SRR19164717,PDX1,Metastases
s0170_mouse18_HBRX3078_Metastases_1cells,SRX15228428,SRR19161934,PDX1,Metastases
s0171_mouse18_HBRX3078_Metastases_1cells,SRX15228429,SRR19161933,PDX1,Metastases
s0174_mouse18_HBRX3078_Metastases_1cells,SRX15228432,SRR19161930,PDX1,Metastases
s0176_mouse18_HBRX3078_Metastases_1cells,SRX15228434,SRR19161928,PDX1,Metastases
s0178_mouse18_HBRX3078_Metastases_1cells,SRX15228436,SRR19161926,PDX1,Metastases
s0180_mouse18_HBRX3078_Metastases_1cells,SRX15228438,SRR19161924,PDX1,Metastases
s0182_mouse18_HBRX3078_Metastases_1cells,SRX15228440,SRR19161922,PDX1,Metastases
s0183_mouse18_HBRX3078_Metastases_1cells,SRX15228441,SRR19161921,PDX1,Metastases
s0186_mouse18_HBRX3078_Metastases_1cells,SRX15228828,SRR19162566,PDX1,Metastases
s0190_mouse18_HBRX3078_Metastases_1cells,SRX15228832,SRR19162562,PDX1,Metastases
s0191_mouse18_HBRX3078_Metastases_1cells,SRX15228833,SRR19162561,PDX1,Metastases
s0199_mouse19_HBRX3078_Tumor_1cells,SRX15228841,SRR19162553,PDX1,Tumor
s0203_mouse19_HBRX3078_Tumor_1cells,SRX15230871,SRR19164423,PDX1,Tumor
s0205_mouse19_HBRX3078_Tumor_1cells,SRX15230873,SRR19164421,PDX1,Tumor
s0206_mouse19_HBRX3078_Tumor_1cells,SRX15230874,SRR19164420,PDX1,Tumor
s0207_mouse19_HBRX3078_Tumor_1cells,SRX15230875,SRR19164419,PDX1,Tumor
s0209_mouse19_HBRX3078_Tumor_1cells,SRX15230877,SRR19164417,PDX1,Tumor
s0210_mouse19_HBRX3078_Tumor_1cells,SRX15230878,SRR19164416,PDX1,Tumor
s0212_mouse19_HBRX3078_Tumor_1cells,SRX15230880,SRR19164414,PDX1,Tumor
s0213_mouse19_HBRX3078_Tumor_1cells,SRX15230881,SRR19164413,PDX1,Tumor
s0216_mouse19_HBRX3078_Tumor_1cells,SRX15230884,SRR19164410,PDX1,Tumor
s0218_mouse19_HBRX3078_Tumor_1cells,SRX15230922,SRR19164716,PDX1,Tumor
s0219_mouse19_HBRX3078_Tumor_1cells,SRX15230923,SRR19164715,PDX1,Tumor
s0220_mouse19_HBRX3078_Tumor_1cells,SRX15230924,SRR19164714,PDX1,Tumor
s0221_mouse19_HBRX3078_Tumor_1cells,SRX15230925,SRR19164713,PDX1,Tumor
s0225_mouse19_HBRX3078_Tumor_1cells,SRX15230929,SRR19164709,PDX1,Tumor
s0226_mouse19_HBRX3078_Tumor_1cells,SRX15230930,SRR19164708,PDX1,Tumor
s0229_mouse19_HBRX3078_Tumor_1cells,SRX15230933,SRR19164705,PDX1,Tumor
s0230_mouse19_HBRX3078_Tumor_1cells,SRX15230934,SRR19164704,PDX1,Tumor
s0231_mouse19_HBRX3078_Tumor_1cells,SRX15230935,SRR19164703,PDX1,Tumor
s0232_mouse19_HBRX3078_Tumor_1cells,SRX15230936,SRR19164702,PDX1,Tumor
s0233_mouse19_HBRX3078_Tumor_1cells,SRX15230937,SRR19164701,PDX1,Tumor
s0236_mouse19_HBRX3078_Tumor_1cells,SRX15228618,SRR19162432,PDX1,Tumor
s0239_mouse19_HBRX3078_Tumor_1cells,SRX15228621,SRR19162429,PDX1,Tumor
s0240_mouse19_HBRX3078_Tumor_1cells,SRX15228622,SRR19162428,PDX1,Tumor
s0241_mouse19_HBRX3078_Tumor_1cells,SRX15228623,SRR19162427,PDX1,Tumor
s0244_mouse19_HBRX3078_Tumor_1cells,SRX15228626,SRR19162424,PDX1,Tumor
s0245_mouse19_HBRX3078_Tumor_1cells,SRX15228627,SRR19162423,PDX1,Tumor
s0246_mouse19_HBRX3078_Tumor_1cells,SRX15228628,SRR19162422,PDX1,Tumor
s0247_mouse19_HBRX3078_Tumor_1cells,SRX15228629,SRR19162421,PDX1,Tumor
s0250_mouse19_HBRX3078_Tumor_1cells,SRX15228844,SRR19162550,PDX1,Tumor
s0251_mouse19_HBRX3078_Tumor_1cells,SRX15228845,SRR19162549,PDX1,Tumor
s0252_mouse19_HBRX3078_Tumor_1cells,SRX15228846,SRR19162548,PDX1,Tumor
s0253_mouse19_HBRX3078_Tumor_1cells,SRX15228847,SRR19162547,PDX1,Tumor
s0254_mouse19_HBRX3078_Tumor_1cells,SRX15228848,SRR19162546,PDX1,Tumor
s0256_mouse19_HBRX3078_Tumor_1cells,SRX15228850,SRR19162544,PDX1,Tumor
s0259_mouse19_HBRX3078_Tumor_1cells,SRX15228853,SRR19162541,PDX1,Tumor
s0262_mouse19_HBRX3078_Tumor_1cells,SRX15228856,SRR19162538,PDX1,Tumor
s0263_mouse19_HBRX3078_Tumor_1cells,SRX15228857,SRR19162537,PDX1,Tumor
s0264_mouse19_HBRX3078_Tumor_1cells,SRX15228858,SRR19162536,PDX1,Tumor
s0265_mouse19_HBRX3078_Tumor_1cells,SRX15228859,SRR19162535,PDX1,Tumor
s0266_mouse19_HBRX3078_Tumor_1cells,SRX15230886,SRR19164408,PDX1,Tumor
s0268_mouse19_HBRX3078_Tumor_1cells,SRX15230888,SRR19164406,PDX1,Tumor
s0269_mouse19_HBRX3078_Tumor_1cells,SRX15230889,SRR19164405,PDX1,Tumor
s0270_mouse19_HBRX3078_Tumor_1cells,SRX15230890,SRR19164404,PDX1,Tumor
s0273_mouse19_HBRX3078_Tumor_1cells,SRX15230893,SRR19164401,PDX1,Tumor
s0274_mouse19_HBRX3078_Tumor_1cells,SRX15230894,SRR19164400,PDX1,Tumor
s0278_mouse19_HBRX3078_Tumor_1cells,SRX15230898,SRR19164396,PDX1,Tumor
s0282_mouse19_HBRX3078_Tumor_1cells,SRX15230938,SRR19164700,PDX1,Tumor
s0286_mouse19_HBRX3078_Tumor_1cells,SRX15230942,SRR19164696,PDX1,Tumor
s0287_mouse19_HBRX3078_Tumor_1cells,SRX15230943,SRR19164695,PDX1,Tumor
s0288_mouse19_HBRX3078_Tumor_1cells,SRX15230944,SRR19164694,PDX1,Tumor
s0291_mouse19_HBRX3078_Metastases_1cells,SRX15230947,SRR19164691,PDX1,Metastases
s0293_mouse19_HBRX3078_Metastases_1cells,SRX15230949,SRR19164689,PDX1,Metastases
s0294_mouse19_HBRX3078_Metastases_1cells,SRX15230950,SRR19164688,PDX1,Metastases
s0298_mouse19_HBRX3078_Metastases_1cells,SRX15228632,SRR19162418,PDX1,Metastases
s0299_mouse19_HBRX3078_Metastases_1cells,SRX15228633,SRR19162417,PDX1,Metastases
s0300_mouse19_HBRX3078_Metastases_1cells,SRX15228634,SRR19162416,PDX1,Metastases
s0301_mouse19_HBRX3078_Metastases_0cells,SRX15228635,SRR19162415,PDX1,Metastases
s0302_mouse19_HBRX3078_Metastases_1cells,SRX15228636,SRR19162414,PDX1,Metastases
s0303_mouse19_HBRX3078_Metastases_1cells,SRX15228637,SRR19162413,PDX1,Metastases
s0305_mouse19_HBRX3078_Metastases_1cells,SRX15228639,SRR19162411,PDX1,Metastases
s0307_mouse19_HBRX3078_Metastases_1cells,SRX15228641,SRR19162409,PDX1,Metastases
s0309_mouse19_HBRX3078_Metastases_1cells,SRX15228643,SRR19162407,PDX1,Metastases
s0311_mouse19_HBRX3078_Metastases_1cells,SRX15228645,SRR19162405,PDX1,Metastases
s0317_mouse19_HBRX3078_Metastases_1cells,SRX15228863,SRR19162531,PDX1,Metastases
s0318_mouse19_HBRX3078_Metastases_1cells,SRX15228864,SRR19162530,PDX1,Metastases
s0321_mouse19_HBRX3078_Metastases_1cells,SRX15228867,SRR19162527,PDX1,Metastases
s0322_mouse19_HBRX3078_Metastases_1cells,SRX15228868,SRR19162526,PDX1,Metastases
s0323_mouse19_HBRX3078_Metastases_1cells,SRX15228869,SRR19162525,PDX1,Metastases
s0324_mouse19_HBRX3078_Metastases_1cells,SRX15228870,SRR19162524,PDX1,Metastases
s0328_mouse19_HBRX3078_Metastases_1cells,SRX15228874,SRR19162520,PDX1,Metastases
s0334_mouse19_HBRX3078_Metastases_1cells,SRX15230906,SRR19164388,PDX1,Metastases
s0335_mouse19_HBRX3078_Metastases_1cells,SRX15230907,SRR19164387,PDX1,Metastases
s0336_mouse19_HBRX3078_Metastases_1cells,SRX15230908,SRR19164386,PDX1,Metastases
s0339_mouse19_HBRX3078_Metastases_1cells,SRX15230911,SRR19164383,PDX1,Metastases
s0341_mouse19_HBRX3078_Metastases_1cells,SRX15228963,SRR19162775,PDX1,Metastases
s0342_mouse19_HBRX3078_Metastases_1cells,SRX15228964,SRR19162774,PDX1,Metastases
s0343_mouse19_HBRX3078_Metastases_1cells,SRX15228965,SRR19162773,PDX1,Metastases
s0344_mouse19_HBRX3078_Metastases_1cells,SRX15228966,SRR19162772,PDX1,Metastases
s0345_mouse19_HBRX3078_Metastases_1cells,SRX15228967,SRR19162771,PDX1,Metastases
s0346_mouse19_HBRX3078_Metastases_1cells,SRX15230954,SRR19164684,PDX1,Metastases
s0348_mouse19_HBRX3078_Metastases_1cells,SRX15230956,SRR19164682,PDX1,Metastases
s0351_mouse19_HBRX3078_Metastases_1cells,SRX15230959,SRR19164679,PDX1,Metastases
s0352_mouse19_HBRX3078_Metastases_1cells,SRX15230960,SRR19164678,PDX1,Metastases
s0353_mouse19_HBRX3078_Metastases_1cells,SRX15230961,SRR19164677,PDX1,Metastases
s0354_mouse19_HBRX3078_Metastases_1cells,SRX15230962,SRR19164676,PDX1,Metastases
s0355_mouse19_HBRX3078_Metastases_1cells,SRX15230963,SRR19164675,PDX1,Metastases
s0356_mouse19_HBRX3078_Metastases_1cells,SRX15230964,SRR19164674,PDX1,Metastases
s0358_mouse19_HBRX3078_Metastases_1cells,SRX15230966,SRR19164672,PDX1,Metastases
s0360_mouse19_HBRX3078_Metastases_1cells,SRX15230968,SRR19164670,PDX1,Metastases
s0361_mouse19_HBRX3078_Metastases_3cells,SRX15230969,SRR19164669,PDX1,Metastases
s0363_mouse19_HBRX3078_Metastases_1cells,SRX15228649,SRR19162401,PDX1,Metastases
s0364_mouse19_HBRX3078_Metastases_1cells,SRX15228650,SRR19162400,PDX1,Metastases
s0365_mouse19_HBRX3078_Metastases_1cells,SRX15228651,SRR19162399,PDX1,Metastases
s0366_mouse19_HBRX3078_Metastases_1cells,SRX15228652,SRR19162398,PDX1,Metastases
s0367_mouse19_HBRX3078_Metastases_1cells,SRX15228653,SRR19162397,PDX1,Metastases
s0369_mouse19_HBRX3078_Metastases_1cells,SRX15228655,SRR19162395,PDX1,Metastases
s0370_mouse19_HBRX3078_Metastases_1cells,SRX15228656,SRR19162394,PDX1,Metastases
s0371_mouse19_HBRX3078_Metastases_1cells,SRX15228657,SRR19162393,PDX1,Metastases
s0372_mouse19_HBRX3078_Metastases_1cells,SRX15228658,SRR19162392,PDX1,Metastases
s0374_mouse19_HBRX3078_Metastases_1cells,SRX15228660,SRR19162390,PDX1,Metastases
s0375_mouse19_HBRX3078_Metastases_1cells,SRX15228661,SRR19162389,PDX1,Metastases
s0376_mouse19_HBRX3078_Metastases_1cells,SRX15228662,SRR19162388,PDX1,Metastases
s0378_mouse19_HBRX3078_Metastases_1cells,SRX15228876,SRR19162518,PDX1,Metastases
s0379_mouse19_HBRX3078_Metastases_1cells,SRX15228877,SRR19162517,PDX1,Metastases
s0380_mouse19_HBRX3078_Metastases_1cells,SRX15228878,SRR19162516,PDX1,Metastases
s0382_mouse19_HBRX3078_Metastases_1cells,SRX15228880,SRR19162514,PDX1,Metastases
s0383_mouse19_HBRX3078_Metastases_1cells,SRX15228881,SRR19162513,PDX1,Metastases
s0384_mouse19_HBRX3078_Metastases_1cells,SRX15228882,SRR19162512,PDX1,Metastases
s0385_mouse20_HBRX3078_Tumor_1cells,SRX15228883,SRR19162511,PDX1,Tumor
s0389_mouse20_HBRX3078_Tumor_1cells,SRX15228887,SRR19162507,PDX1,Tumor
s0391_mouse20_HBRX3078_Tumor_1cells,SRX15228889,SRR19162505,PDX1,Tumor
s0392_mouse20_HBRX3078_Tumor_1cells,SRX15228890,SRR19162504,PDX1,Tumor
s0393_mouse20_HBRX3078_Tumor_1cells,SRX15228891,SRR19162503,PDX1,Tumor
s0397_mouse20_HBRX3078_Tumor_1cells,SRX15228971,SRR19162767,PDX1,Tumor
s0400_mouse20_HBRX3078_Tumor_1cells,SRX15228974,SRR19162764,PDX1,Tumor
s0401_mouse20_HBRX3078_Tumor_1cells,SRX15228975,SRR19162763,PDX1,Tumor
s0403_mouse20_HBRX3078_Tumor_1cells,SRX15228977,SRR19162761,PDX1,Tumor
s0404_mouse20_HBRX3078_Tumor_1cells,SRX15228978,SRR19162760,PDX1,Tumor
s0405_mouse20_HBRX3078_Tumor_1cells,SRX15228979,SRR19162759,PDX1,Tumor
s0410_mouse20_HBRX3078_Tumor_1cells,SRX15230970,SRR19164668,PDX1,Tumor
s0411_mouse20_HBRX3078_Tumor_1cells,SRX15230971,SRR19164667,PDX1,Tumor
s0413_mouse20_HBRX3078_Tumor_1cells,SRX15230973,SRR19164665,PDX1,Tumor
s0416_mouse20_HBRX3078_Tumor_1cells,SRX15230976,SRR19164662,PDX1,Tumor
s0417_mouse20_HBRX3078_Tumor_1cells,SRX15230977,SRR19164661,PDX1,Tumor
s0418_mouse20_HBRX3078_Tumor_1cells,SRX15230978,SRR19164660,PDX1,Tumor
s0419_mouse20_HBRX3078_Tumor_1cells,SRX15230979,SRR19164659,PDX1,Tumor
s0420_mouse20_HBRX3078_Tumor_1cells,SRX15230980,SRR19164658,PDX1,Tumor
s0421_mouse20_HBRX3078_Tumor_1cells,SRX15230981,SRR19164657,PDX1,Tumor
s0424_mouse20_HBRX3078_Tumor_1cells,SRX15230984,SRR19164654,PDX1,Tumor
s0425_mouse20_HBRX3078_Tumor_1cells,SRX15230985,SRR19164653,PDX1,Tumor
s0426_mouse20_HBRX3078_Tumor_3cells,SRX15228664,SRR19162386,PDX1,Tumor
s0427_mouse20_HBRX3078_Tumor_1cells,SRX15228665,SRR19162385,PDX1,Tumor
s0428_mouse20_HBRX3078_Tumor_1cells,SRX15228666,SRR19162384,PDX1,Tumor
s0429_mouse20_HBRX3078_Tumor_1cells,SRX15228667,SRR19162383,PDX1,Tumor
s0431_mouse20_HBRX3078_Tumor_1cells,SRX15228669,SRR19162381,PDX1,Tumor
s0435_mouse20_HBRX3078_Tumor_1cells,SRX15228673,SRR19162377,PDX1,Tumor
s0441_mouse20_HBRX3078_Tumor_1cells,SRX15228679,SRR19162371,PDX1,Tumor
s0442_mouse20_HBRX3078_Tumor_1cells,SRX15228892,SRR19162502,PDX1,Tumor
s0444_mouse20_HBRX3078_Tumor_1cells,SRX15228894,SRR19162500,PDX1,Tumor
s0445_mouse20_HBRX3078_Tumor_1cells,SRX15228895,SRR19162499,PDX1,Tumor
s0446_mouse20_HBRX3078_Tumor_1cells,SRX15228896,SRR19162498,PDX1,Tumor
s0447_mouse20_HBRX3078_Tumor_1cells,SRX15228897,SRR19162497,PDX1,Tumor
s0449_mouse20_HBRX3078_Tumor_1cells,SRX15228899,SRR19162495,PDX1,Tumor
s0450_mouse20_HBRX3078_Tumor_1cells,SRX15228900,SRR19162494,PDX1,Tumor
s0451_mouse20_HBRX3078_Tumor_1cells,SRX15228901,SRR19162493,PDX1,Tumor
s0452_mouse20_HBRX3078_Tumor_1cells,SRX15228902,SRR19162492,PDX1,Tumor
s0453_mouse20_HBRX3078_Tumor_1cells,SRX15228903,SRR19162491,PDX1,Tumor
s0456_mouse20_HBRX3078_Tumor_1cells,SRX15228906,SRR19162488,PDX1,Tumor
s0457_mouse20_HBRX3078_Tumor_1cells,SRX15228907,SRR19162487,PDX1,Tumor
s0458_mouse20_HBRX3078_Tumor_1cells,SRX15228984,SRR19162754,PDX1,Tumor
s0459_mouse20_HBRX3078_Tumor_1cells,SRX15228985,SRR19162753,PDX1,Tumor
s0460_mouse20_HBRX3078_Tumor_1cells,SRX15228986,SRR19162752,PDX1,Tumor
s0463_mouse20_HBRX3078_Tumor_1cells,SRX15228989,SRR19162749,PDX1,Tumor
s0464_mouse20_HBRX3078_Tumor_1cells,SRX15228990,SRR19162748,PDX1,Tumor
s0467_mouse20_HBRX3078_Tumor_1cells,SRX15228993,SRR19162745,PDX1,Tumor
s0469_mouse20_HBRX3078_Tumor_1cells,SRX15228995,SRR19162743,PDX1,Tumor
s0470_mouse20_HBRX3078_Tumor_1cells,SRX15228996,SRR19162742,PDX1,Tumor
s0471_mouse20_HBRX3078_Tumor_1cells,SRX15228997,SRR19162741,PDX1,Tumor
s0473_mouse20_HBRX3078_Tumor_1cells,SRX15228999,SRR19162739,PDX1,Tumor
s0474_mouse20_HBRX3078_Tumor_1cells,SRX15230986,SRR19164652,PDX1,Tumor
s0476_mouse20_HBRX3078_Tumor_1cells,SRX15230988,SRR19164650,PDX1,Tumor
s0477_mouse20_HBRX3078_Tumor_1cells,SRX15230989,SRR19164649,PDX1,Tumor
s0479_mouse20_HBRX3078_Tumor_1cells,SRX15230991,SRR19164647,PDX1,Tumor
s0482_mouse20_HBRX3078_Metastases_1cells,SRX15230994,SRR19164644,PDX1,Metastases
s0484_mouse20_HBRX3078_Metastases_1cells,SRX15230996,SRR19164642,PDX1,Metastases
s0485_mouse20_HBRX3078_Metastases_1cells,SRX15230997,SRR19164641,PDX1,Metastases
s0488_mouse20_HBRX3078_Metastases_1cells,SRX15231000,SRR19164638,PDX1,Metastases
s0491_mouse20_HBRX3078_Metastases_1cells,SRX15228681,SRR19162369,PDX1,Metastases
s0492_mouse20_HBRX3078_Metastases_1cells,SRX15228682,SRR19162368,PDX1,Metastases
s0493_mouse20_HBRX3078_Metastases_1cells,SRX15228683,SRR19162367,PDX1,Metastases
s0494_mouse20_HBRX3078_Metastases_1cells,SRX15228684,SRR19162366,PDX1,Metastases
s0500_mouse20_HBRX3078_Metastases_1cells,SRX15228690,SRR19162360,PDX1,Metastases
s0507_mouse20_HBRX3078_Metastases_1cells,SRX15228909,SRR19162485,PDX1,Metastases
s0509_mouse20_HBRX3078_Metastases_1cells,SRX15228911,SRR19162483,PDX1,Metastases
s0510_mouse20_HBRX3078_Metastases_1cells,SRX15228912,SRR19162482,PDX1,Metastases
s0512_mouse20_HBRX3078_Metastases_1cells,SRX15228914,SRR19162480,PDX1,Metastases
s0513_mouse20_HBRX3078_Metastases_1cells,SRX15228915,SRR19162479,PDX1,Metastases
s0515_mouse20_HBRX3078_Metastases_1cells,SRX15228917,SRR19162477,PDX1,Metastases
s0517_mouse20_HBRX3078_Metastases_1cells,SRX15228919,SRR19162475,PDX1,Metastases
s0518_mouse20_HBRX3078_Metastases_1cells,SRX15228920,SRR19162474,PDX1,Metastases
s0519_mouse20_HBRX3078_Metastases_1cells,SRX15228921,SRR19162473,PDX1,Metastases
s0524_mouse20_HBRX3078_Metastases_1cells,SRX15229002,SRR19162736,PDX1,Metastases
s0526_mouse20_HBRX3078_Metastases_1cells,SRX15229004,SRR19162734,PDX1,Metastases
s0527_mouse20_HBRX3078_Metastases_1cells,SRX15229005,SRR19162733,PDX1,Metastases
s0529_mouse20_HBRX3078_Metastases_1cells,SRX15229007,SRR19162731,PDX1,Metastases
s0532_mouse20_HBRX3078_Metastases_1cells,SRX15229010,SRR19162728,PDX1,Metastases
s0534_mouse20_HBRX3078_Metastases_1cells,SRX15229012,SRR19162726,PDX1,Metastases
s0535_mouse20_HBRX3078_Metastases_1cells,SRX15229013,SRR19162725,PDX1,Metastases
s0538_mouse20_HBRX3078_Metastases_1cells,SRX15231002,SRR19164636,PDX1,Metastases
s0539_mouse20_HBRX3078_Metastases_1cells,SRX15231003,SRR19164635,PDX1,Metastases
s0542_mouse20_HBRX3078_Metastases_1cells,SRX15231006,SRR19164632,PDX1,Metastases
s0544_mouse20_HBRX3078_Metastases_1cells,SRX15231008,SRR19164630,PDX1,Metastases
s0545_mouse20_HBRX3078_Metastases_1cells,SRX15231009,SRR19164629,PDX1,Metastases
s0552_mouse20_HBRX3078_Metastases_1cells,SRX15231016,SRR19164622,PDX1,Metastases
s0553_mouse20_HBRX3078_Metastases_3cells,SRX15231017,SRR19164621,PDX1,Metastases
s0556_mouse20_HBRX3078_Metastases_1cells,SRX15228698,SRR19162352,PDX1,Metastases
s0557_mouse20_HBRX3078_Metastases_1cells,SRX15228699,SRR19162351,PDX1,Metastases
s0559_mouse20_HBRX3078_Metastases_1cells,SRX15228701,SRR19162349,PDX1,Metastases
s0561_mouse20_HBRX3078_Metastases_1cells,SRX15228703,SRR19162347,PDX1,Metastases
s0564_mouse20_HBRX3078_Metastases_1cells,SRX15228706,SRR19162344,PDX1,Metastases
s0565_mouse20_HBRX3078_Metastases_1cells,SRX15228707,SRR19162343,PDX1,Metastases
s0567_mouse20_HBRX3078_Metastases_1cells,SRX15228709,SRR19162341,PDX1,Metastases
s0570_mouse20_HBRX3078_Metastases_1cells,SRX15228924,SRR19162470,PDX1,Metastases
s0575_mouse20_HBRX3078_Metastases_1cells,SRX15228929,SRR19162465,PDX1,Metastases
s0576_mouse20_HBRX3078_Metastases_1cells,SRX15228930,SRR19162464,PDX1,Metastases
s0578_mouse21_HBRX3078_Tumor_1cells,SRX15228932,SRR19162462,PDX1,Tumor
s0580_mouse21_HBRX3078_Tumor_1cells,SRX15228934,SRR19162460,PDX1,Tumor
s0581_mouse21_HBRX3078_Tumor_1cells,SRX15228935,SRR19162459,PDX1,Tumor
s0582_mouse21_HBRX3078_Tumor_1cells,SRX15228936,SRR19162458,PDX1,Tumor
s0583_mouse21_HBRX3078_Tumor_1cells,SRX15228937,SRR19162457,PDX1,Tumor
s0584_mouse21_HBRX3078_Tumor_1cells,SRX15228938,SRR19162456,PDX1,Tumor
s0587_mouse21_HBRX3078_Tumor_1cells,SRX15229017,SRR19162721,PDX1,Tumor
s0588_mouse21_HBRX3078_Tumor_1cells,SRX15229018,SRR19162720,PDX1,Tumor
s0589_mouse21_HBRX3078_Tumor_1cells,SRX15229019,SRR19162719,PDX1,Tumor
s0591_mouse21_HBRX3078_Tumor_1cells,SRX15229021,SRR19162717,PDX1,Tumor
s0592_mouse21_HBRX3078_Tumor_1cells,SRX15229022,SRR19162716,PDX1,Tumor
s0594_mouse21_HBRX3078_Tumor_1cells,SRX15229024,SRR19162714,PDX1,Tumor
s0595_mouse21_HBRX3078_Tumor_1cells,SRX15229025,SRR19162713,PDX1,Tumor
s0597_mouse21_HBRX3078_Tumor_1cells,SRX15229027,SRR19162711,PDX1,Tumor
s0598_mouse21_HBRX3078_Tumor_1cells,SRX15229028,SRR19162710,PDX1,Tumor
s0599_mouse21_HBRX3078_Tumor_1cells,SRX15229029,SRR19162709,PDX1,Tumor
s0600_mouse21_HBRX3078_Tumor_1cells,SRX15229030,SRR19162708,PDX1,Tumor
s0601_mouse21_HBRX3078_Tumor_1cells,SRX15229031,SRR19162707,PDX1,Tumor
s0602_mouse21_HBRX3078_Tumor_1cells,SRX15231018,SRR19164620,PDX1,Tumor
s0604_mouse21_HBRX3078_Tumor_1cells,SRX15231020,SRR19164618,PDX1,Tumor
s0606_mouse21_HBRX3078_Tumor_1cells,SRX15231022,SRR19164616,PDX1,Tumor
s0608_mouse21_HBRX3078_Tumor_1cells,SRX15231024,SRR19164614,PDX1,Tumor
s0609_mouse21_HBRX3078_Tumor_1cells,SRX15231025,SRR19164613,PDX1,Tumor
s0610_mouse21_HBRX3078_Tumor_1cells,SRX15231026,SRR19164612,PDX1,Tumor
s0611_mouse21_HBRX3078_Tumor_1cells,SRX15231027,SRR19164611,PDX1,Tumor
s0612_mouse21_HBRX3078_Tumor_1cells,SRX15231028,SRR19164610,PDX1,Tumor
s0613_mouse21_HBRX3078_Tumor_1cells,SRX15231029,SRR19164609,PDX1,Tumor
s0615_mouse21_HBRX3078_Tumor_1cells,SRX15231031,SRR19164607,PDX1,Tumor
s0616_mouse21_HBRX3078_Tumor_1cells,SRX15231032,SRR19164606,PDX1,Tumor
s0617_mouse21_HBRX3078_Tumor_1cells,SRX15231033,SRR19164605,PDX1,Tumor
s0618_mouse21_HBRX3078_Tumor_1cells,SRX15228712,SRR19162338,PDX1,Tumor
s0619_mouse21_HBRX3078_Tumor_3cells,SRX15228713,SRR19162337,PDX1,Tumor
s0620_mouse21_HBRX3078_Tumor_1cells,SRX15228714,SRR19162336,PDX1,Tumor
s0621_mouse21_HBRX3078_Tumor_1cells,SRX15228715,SRR19162335,PDX1,Tumor
s0622_mouse21_HBRX3078_Tumor_1cells,SRX15228716,SRR19162334,PDX1,Tumor
s0628_mouse21_HBRX3078_Tumor_1cells,SRX15228722,SRR19162328,PDX1,Tumor
s0629_mouse21_HBRX3078_Tumor_1cells,SRX15228723,SRR19162327,PDX1,Tumor
s0630_mouse21_HBRX3078_Tumor_1cells,SRX15228724,SRR19162326,PDX1,Tumor
s0631_mouse21_HBRX3078_Tumor_1cells,SRX15228725,SRR19162325,PDX1,Tumor
s0632_mouse21_HBRX3078_Tumor_1cells,SRX15228726,SRR19162324,PDX1,Tumor
s0633_mouse21_HBRX3078_Tumor_1cells,SRX15228727,SRR19162323,PDX1,Tumor
s0634_mouse21_HBRX3078_Tumor_1cells,SRX15228940,SRR19162454,PDX1,Tumor
s0635_mouse21_HBRX3078_Tumor_1cells,SRX15228941,SRR19162453,PDX1,Tumor
s0636_mouse21_HBRX3078_Tumor_1cells,SRX15228942,SRR19162452,PDX1,Tumor
s0638_mouse21_HBRX3078_Tumor_1cells,SRX15228944,SRR19162450,PDX1,Tumor
s0639_mouse21_HBRX3078_Tumor_1cells,SRX15228945,SRR19162449,PDX1,Tumor
s0640_mouse21_HBRX3078_Tumor_1cells,SRX15228946,SRR19162448,PDX1,Tumor
s0641_mouse21_HBRX3078_Tumor_1cells,SRX15228947,SRR19162447,PDX1,Tumor
s0642_mouse21_HBRX3078_Tumor_1cells,SRX15228948,SRR19162446,PDX1,Tumor
s0643_mouse21_HBRX3078_Tumor_1cells,SRX15228949,SRR19162445,PDX1,Tumor
s0644_mouse21_HBRX3078_Tumor_1cells,SRX15228950,SRR19162444,PDX1,Tumor
s0645_mouse21_HBRX3078_Tumor_1cells,SRX15228951,SRR19162443,PDX1,Tumor
s0646_mouse21_HBRX3078_Tumor_1cells,SRX15228952,SRR19162442,PDX1,Tumor
s0647_mouse21_HBRX3078_Tumor_1cells,SRX15228953,SRR19162441,PDX1,Tumor
s0648_mouse21_HBRX3078_Tumor_1cells,SRX15228954,SRR19162440,PDX1,Tumor
s0649_mouse21_HBRX3078_Tumor_1cells,SRX15228955,SRR19162439,PDX1,Tumor
s0650_mouse21_HBRX3078_Tumor_1cells,SRX15229032,SRR19162706,PDX1,Tumor
s0652_mouse21_HBRX3078_Tumor_1cells,SRX15229034,SRR19162704,PDX1,Tumor
s0653_mouse21_HBRX3078_Tumor_1cells,SRX15229035,SRR19162703,PDX1,Tumor
s0654_mouse21_HBRX3078_Tumor_1cells,SRX15229036,SRR19162702,PDX1,Tumor
s0657_mouse21_HBRX3078_Tumor_1cells,SRX15229039,SRR19162699,PDX1,Tumor
s0658_mouse21_HBRX3078_Tumor_1cells,SRX15229040,SRR19162698,PDX1,Tumor
s0659_mouse21_HBRX3078_Tumor_1cells,SRX15229041,SRR19162697,PDX1,Tumor
s0660_mouse21_HBRX3078_Tumor_1cells,SRX15229042,SRR19162696,PDX1,Tumor
s0661_mouse21_HBRX3078_Tumor_1cells,SRX15229043,SRR19162695,PDX1,Tumor
s0662_mouse21_HBRX3078_Tumor_1cells,SRX15229044,SRR19162694,PDX1,Tumor
s0664_mouse21_HBRX3078_Tumor_1cells,SRX15229046,SRR19162692,PDX1,Tumor
s0665_mouse21_HBRX3078_Tumor_1cells,SRX15229047,SRR19162691,PDX1,Tumor
s0666_mouse21_HBRX3078_Tumor_1cells,SRX15231034,SRR19164604,PDX1,Tumor
s0667_mouse21_HBRX3078_Tumor_1cells,SRX15231035,SRR19164603,PDX1,Tumor
s0668_mouse21_HBRX3078_Tumor_1cells,SRX15231036,SRR19164602,PDX1,Tumor
s0670_mouse21_HBRX3078_Tumor_1cells,SRX15231038,SRR19164600,PDX1,Tumor
s0671_mouse21_HBRX3078_Tumor_1cells,SRX15231039,SRR19164599,PDX1,Tumor
s0675_mouse21_HBRX3078_Metastases_1cells,SRX15231043,SRR19164595,PDX1,Metastases
s0677_mouse21_HBRX3078_Metastases_1cells,SRX15231045,SRR19164593,PDX1,Metastases
s0678_mouse21_HBRX3078_Metastases_1cells,SRX15231046,SRR19164592,PDX1,Metastases
s0680_mouse21_HBRX3078_Metastases_1cells,SRX15231048,SRR19164590,PDX1,Metastases
s0683_mouse21_HBRX3078_Metastases_1cells,SRX15228729,SRR19162321,PDX1,Metastases
s0684_mouse21_HBRX3078_Metastases_1cells,SRX15228730,SRR19162320,PDX1,Metastases
s0686_mouse21_HBRX3078_Metastases_1cells,SRX15228732,SRR19162318,PDX1,Metastases
s0687_mouse21_HBRX3078_Metastases_1cells,SRX15228733,SRR19162317,PDX1,Metastases
s0699_mouse21_HBRX3078_Metastases_1cells,SRX15228957,SRR19162437,PDX1,Metastases
s0709_mouse21_HBRX3078_Metastases_1cells,SRX15230687,SRR19164377,PDX1,Metastases
s0710_mouse21_HBRX3078_Metastases_1cells,SRX15230688,SRR19164376,PDX1,Metastases
s0717_mouse21_HBRX3078_Metastases_1cells,SRX15229051,SRR19162687,PDX1,Metastases
s0733_mouse21_HBRX3078_Metastases_1cells,SRX15231053,SRR19164585,PDX1,Metastases
s0734_mouse21_HBRX3078_Metastases_1cells,SRX15231054,SRR19164584,PDX1,Metastases
s0740_mouse21_HBRX3078_Metastases_1cells,SRX15231060,SRR19164578,PDX1,Metastases
s0746_mouse21_HBRX3078_Metastases_1cells,SRX15228744,SRR19162306,PDX1,Metastases
s0752_mouse21_HBRX3078_Metastases_1cells,SRX15228750,SRR19162300,PDX1,Metastases
s0014_mouse23_HBRX3078_Tumor Control_1cells,SRX15229072,SRR19162666,PDX1,Tumor
s0038_mouse23_HBRX3078_Tumor Control_1cells,SRX15229073,SRR19162665,PDX1,Tumor
s0048_mouse23_HBRX3078_Tumor Control_1cells,SRX15229074,SRR19162664,PDX1,Tumor
s0057_mouse23_HBRX3078_Tumor Control_1cells,SRX15229075,SRR19162663,PDX1,Tumor
s0075_mouse23_HBRX3078_Tumor Control_1cells,SRX15229076,SRR19162662,PDX1,Tumor
s0081_mouse23_HBRX3078_Tumor Control_1cells,SRX15229077,SRR19162661,PDX1,Tumor
s0087_mouse23_HBRX3078_Tumor Control_1cells,SRX15229078,SRR19162660,PDX1,Tumor
s0301_mouse26_HBRX3078_Tumor Control_1cells,SRX15229079,SRR19162659,PDX1,Tumor
s0316_mouse26_HBRX3078_Tumor Control_1cells,SRX15231067,SRR19164571,PDX1,Tumor
s0321_mouse26_HBRX3078_Tumor Control_1cells,SRX15231068,SRR19164570,PDX1,Tumor
s0331_mouse26_HBRX3078_Tumor Control_1cells,SRX15231069,SRR19164569,PDX1,Tumor
s0337_mouse26_HBRX3078_Tumor Control_1cells,SRX15231070,SRR19164568,PDX1,Tumor
s0344_mouse26_HBRX3078_Tumor Control_1cells,SRX15231071,SRR19164567,PDX1,Tumor
s0345_mouse26_HBRX3078_Tumor Control_1cells,SRX15231072,SRR19164566,PDX1,Tumor
s0354_mouse26_HBRX3078_Tumor Control_1cells,SRX15231073,SRR19164565,PDX1,Tumor
s0356_mouse26_HBRX3078_Tumor Control_1cells,SRX15231074,SRR19164564,PDX1,Tumor
s0363_mouse26_HBRX3078_Tumor Control_1cells,SRX15231076,SRR19164562,PDX1,Tumor
s0376_mouse26_HBRX3078_Tumor Control_1cells,SRX15231078,SRR19164560,PDX1,Tumor
s0379_mouse26_HBRX3078_Tumor Control_1cells,SRX15231079,SRR19164559,PDX1,Tumor
s0001_mouse27_HBRX3078_Lung CTRL_1cells,SRX15231080,SRR19164558,PDX1,Metastases
s0002_mouse27_HBRX3078_Lung CTRL_1cells,SRX15231081,SRR19164557,PDX1,Metastases
s0003_mouse27_HBRX3078_Lung CTRL_1cells,SRX15228760,SRR19162290,PDX1,Metastases
s0005_mouse27_HBRX3078_Lung CTRL_1cells,SRX15228761,SRR19162289,PDX1,Metastases
s0008_mouse27_HBRX3078_Lung CTRL_1cells,SRX15228762,SRR19162288,PDX1,Metastases
s0009_mouse27_HBRX3078_Lung CTRL_1cells,SRX15228763,SRR19162287,PDX1,Metastases
s0011_mouse27_HBRX3078_Lung CTRL_1cells,SRX15228764,SRR19162286,PDX1,Metastases
s0014_mouse27_HBRX3078_Lung CTRL_1cells,SRX15228766,SRR19162284,PDX1,Metastases
s0015_mouse27_HBRX3078_Lung CTRL_1cells,SRX15228767,SRR19162283,PDX1,Metastases
s0016_mouse27_HBRX3078_Lung CTRL_1cells,SRX15228768,SRR19162282,PDX1,Metastases
s0019_mouse27_HBRX3078_Lung CTRL_1cells,SRX15228770,SRR19162280,PDX1,Metastases
s0024_mouse27_HBRX3078_Lung CTRL_1cells,SRX15228774,SRR19162276,PDX1,Metastases
s0026_mouse27_HBRX3078_Lung CTRL_1cells,SRX15230692,SRR19164372,PDX1,Metastases
s0027_mouse27_HBRX3078_Lung CTRL_1cells,SRX15230693,SRR19164371,PDX1,Metastases
s0028_mouse27_HBRX3078_Lung CTRL_1cells,SRX15230694,SRR19164370,PDX1,Metastases
s0034_mouse27_HBRX3078_Lung CTRL_1cells,SRX15230697,SRR19164367,PDX1,Metastases
s0040_mouse27_HBRX3078_Lung CTRL_1cells,SRX15230698,SRR19164366,PDX1,Metastases
s0045_mouse27_HBRX3078_Lung CTRL_1cells,SRX15230700,SRR19164364,PDX1,Metastases
s0046_mouse27_HBRX3078_Lung CTRL_1cells,SRX15230701,SRR19164363,PDX1,Metastases
s0050_mouse27_HBRX3078_Lung CTRL_1cells,SRX15230702,SRR19164362,PDX1,Metastases
s0051_mouse27_HBRX3078_Lung CTRL_1cells,SRX15230703,SRR19164361,PDX1,Metastases
s0052_mouse27_HBRX3078_Lung CTRL_1cells,SRX15230704,SRR19164360,PDX1,Metastases
s0053_mouse27_HBRX3078_Lung CTRL_1cells,SRX15230705,SRR19164359,PDX1,Metastases
s0054_mouse27_HBRX3078_Lung CTRL_1cells,SRX15230706,SRR19164358,PDX1,Metastases
s0057_mouse27_HBRX3078_Lung CTRL_1cells,SRX15229080,SRR19162658,PDX1,Metastases
s0058_mouse27_HBRX3078_Lung CTRL_1cells,SRX15229081,SRR19162657,PDX1,Metastases
s0059_mouse27_HBRX3078_Lung CTRL_1cells,SRX15229082,SRR19162656,PDX1,Metastases
s0060_mouse27_HBRX3078_Lung CTRL_1cells,SRX15229083,SRR19162655,PDX1,Metastases
s0061_mouse27_HBRX3078_Lung CTRL_1cells,SRX15229084,SRR19162654,PDX1,Metastases
s0062_mouse27_HBRX3078_Lung CTRL_1cells,SRX15229085,SRR19162653,PDX1,Metastases
s0064_mouse27_HBRX3078_Lung CTRL_1cells,SRX15229087,SRR19162651,PDX1,Metastases
s0065_mouse27_HBRX3078_Lung CTRL_1cells,SRX15229088,SRR19162650,PDX1,Metastases
s0066_mouse27_HBRX3078_Lung CTRL_1cells,SRX15229089,SRR19162649,PDX1,Metastases
s0068_mouse27_HBRX3078_Lung CTRL_1cells,SRX15229090,SRR19162648,PDX1,Metastases
s0069_mouse27_HBRX3078_Lung CTRL_1cells,SRX15229091,SRR19162647,PDX1,Metastases
s0074_mouse27_HBRX3078_Lung CTRL_1cells,SRX15229093,SRR19162645,PDX1,Metastases
s0079_mouse27_HBRX3078_Lung CTRL_1cells,SRX15229095,SRR19162643,PDX1,Metastases
s0080_mouse27_HBRX3078_Lung CTRL_1cells,SRX15231082,SRR19164556,PDX1,Metastases
s0087_mouse27_HBRX3078_Lung CTRL_1cells,SRX15229134,SRR19162948,PDX1,Metastases
s0091_mouse27_HBRX3078_Lung CTRL_1cells,SRX15229135,SRR19162947,PDX1,Metastases
s0193_mouse29_HBRX3078_Lung CTRL_1cells,SRX15229138,SRR19162944,PDX1,Metastases
s0208_mouse29_HBRX3078_Lung CTRL_1cells,SRX15229140,SRR19162942,PDX1,Metastases
s0209_mouse29_HBRX3078_Lung CTRL_1cells,SRX15229141,SRR19162941,PDX1,Metastases
s0210_mouse29_HBRX3078_Lung CTRL_1cells,SRX15229142,SRR19162940,PDX1,Metastases
s0212_mouse29_HBRX3078_Lung CTRL_1cells,SRX15229143,SRR19162939,PDX1,Metastases
s0214_mouse29_HBRX3078_Lung CTRL_1cells,SRX15229144,SRR19162938,PDX1,Metastases
s0217_mouse29_HBRX3078_Lung CTRL_1cells,SRX15229145,SRR19162937,PDX1,Metastases
s0218_mouse29_HBRX3078_Lung CTRL_1cells,SRX15229146,SRR19162936,PDX1,Metastases
s0219_mouse29_HBRX3078_Lung CTRL_1cells,SRX15229147,SRR19162935,PDX1,Metastases
s0220_mouse29_HBRX3078_Lung CTRL_1cells,SRX15228776,SRR19162274,PDX1,Metastases
s0221_mouse29_HBRX3078_Lung CTRL_1cells,SRX15228777,SRR19162273,PDX1,Metastases
s0225_mouse29_HBRX3078_Lung CTRL_1cells,SRX15228779,SRR19162271,PDX1,Metastases
s0226_mouse29_HBRX3078_Lung CTRL_1cells,SRX15228780,SRR19162270,PDX1,Metastases
s0232_mouse29_HBRX3078_Lung CTRL_1cells,SRX15228782,SRR19162268,PDX1,Metastases
s0234_mouse29_HBRX3078_Lung CTRL_1cells,SRX15228783,SRR19162267,PDX1,Metastases
s0237_mouse29_HBRX3078_Lung CTRL_1cells,SRX15228785,SRR19162265,PDX1,Metastases
s0239_mouse29_HBRX3078_Lung CTRL_1cells,SRX15228786,SRR19162264,PDX1,Metastases
s0240_mouse29_HBRX3078_Lung CTRL_1cells,SRX15228787,SRR19162263,PDX1,Metastases
s0241_mouse29_HBRX3078_Lung CTRL_1cells,SRX15228788,SRR19162262,PDX1,Metastases
s0242_mouse29_HBRX3078_Lung CTRL_1cells,SRX15228789,SRR19162261,PDX1,Metastases
s0244_mouse29_HBRX3078_Lung CTRL_1cells,SRX15229994,SRR19163808,PDX1,Metastases
s0245_mouse29_HBRX3078_Lung CTRL_1cells,SRX15229995,SRR19163807,PDX1,Metastases
s0246_mouse29_HBRX3078_Lung CTRL_1cells,SRX15230708,SRR19164356,PDX1,Metastases
s0247_mouse29_HBRX3078_Lung CTRL_1cells,SRX15230709,SRR19164355,PDX1,Metastases
s0248_mouse29_HBRX3078_Lung CTRL_1cells,SRX15230710,SRR19164354,PDX1,Metastases
s0250_mouse29_HBRX3078_Lung CTRL_1cells,SRX15230712,SRR19164352,PDX1,Metastases
s0255_mouse29_HBRX3078_Lung CTRL_1cells,SRX15230714,SRR19164350,PDX1,Metastases
s0260_mouse29_HBRX3078_Lung CTRL_1cells,SRX15230715,SRR19164349,PDX1,Metastases
s0261_mouse29_HBRX3078_Lung CTRL_1cells,SRX15230716,SRR19164348,PDX1,Metastases
s0262_mouse29_HBRX3078_Lung CTRL_1cells,SRX15230717,SRR19164347,PDX1,Metastases
s0267_mouse29_HBRX3078_Lung CTRL_1cells,SRX15230718,SRR19164346,PDX1,Metastases
s0268_mouse29_HBRX3078_Lung CTRL_1cells,SRX15230719,SRR19164345,PDX1,Metastases
s0269_mouse29_HBRX3078_Lung CTRL_1cells,SRX15230720,SRR19164344,PDX1,Metastases
s0276_mouse29_HBRX3078_Lung CTRL_1cells,SRX15230722,SRR19164342,PDX1,Metastases
s0278_mouse29_HBRX3078_Lung CTRL_1cells,SRX15230723,SRR19164341,PDX1,Metastases
s0281_mouse29_HBRX3078_Lung CTRL_1cells,SRX15230060,SRR19163742,PDX1,Metastases
s0282_mouse29_HBRX3078_Lung CTRL_1cells,SRX15230061,SRR19163741,PDX1,Metastases
s0283_mouse29_HBRX3078_Lung CTRL_1cells,SRX15230062,SRR19163740,PDX1,Metastases
